title,canonicalTitle,id,totalPlaybackTime,assetUrl,contentType
Basics of Backtesting,basics-of-backtesting,dbb12df1-14a3-4b53-84c4-c7a51b0031ba,3182,https://assets.learnapp.com/catalog/courses/dbb12df1-14a3-4b53-84c4-c7a51b0031ba/e8a9e2dd-f798-47d5-852f-4615957fbdbb.jpeg,courses
Option Spreads And Option Chain,option-spreads-and-option-chain,ccdefbd0-aba1-11e8-bdcf-d57ac9e70358,4396,https://assets.learnapp.com/catalog/courses/ccdefbd0-aba1-11e8-bdcf-d57ac9e70358/afafe7a8-affd-4522-a531-0209745dad47-238x165.jpg,courses
Intraday Banknifty Straddle Strategy,intraday-banknifty-straddle-strategy,6c4443b0-b483-11ea-9cd4-fb0ceeb92776,3751,https://assets.learnapp.com/catalog/courses/6c4443b0-b483-11ea-9cd4-fb0ceeb92776/41bb5143-8aa7-4fc6-8981-4a429852edc0-238x165.jpg,courses
Basics of Options II,basics-of-options-ii,eb975060-2320-11eb-8c40-5fac9548eaef,7440,https://assets.learnapp.com/catalog/courses/eb975060-2320-11eb-8c40-5fac9548eaef/cb2d4c5a-cc5d-4753-9ed8-26c727b04990-238x165.jpg,courses
Trading Flags and Pennants,trading-flags-and-pennants,fc0314f0-4b8a-419d-bd47-842c6a278faf,2506,https://assets.learnapp.com/catalog/courses/fc0314f0-4b8a-419d-bd47-842c6a278faf/1c870b23-d33e-4b8b-94f5-6f96a6223d30.jpeg,courses
Intro to Futures and Options,intro-to-futures-and-options,c81daadb-4e46-4fe2-aea6-6136cf74f63d,2549,https://assets.learnapp.com/catalog/courses/c81daadb-4e46-4fe2-aea6-6136cf74f63d/0fd4015c-8677-4409-828f-55002a03f420.jpeg,courses
Reversal Patterns,reversal-patterns,007818e7-8592-4d7c-8559-f7a01edb16e4,2087,https://assets.learnapp.com/catalog/courses/007818e7-8592-4d7c-8559-f7a01edb16e4/eeea0377-48bb-4a48-a456-06566fd8df0a.jpeg,courses
How Trading And Markets Work,how-trading-and-markets-work,d0d4ac37-ca34-44e3-8bd7-e2b154229bc5,4629,https://assets.learnapp.com/catalog/courses/d0d4ac37-ca34-44e3-8bd7-e2b154229bc5/b5ce873f-6060-461e-a195-180d563b02b4.jpeg,courses
Equity Momentum Strategy,equity-momentum-strategy,62dd2fa0-bf28-11e8-8202-65f62039fe8d,8514,https://assets.learnapp.com/catalog/courses/62dd2fa0-bf28-11e8-8202-65f62039fe8d/c5f88d46-89ce-44ab-819d-dc40b27892c4-238x165.jpg,courses
Trading Podcasts,trading-podcasts,352ef7d0-9534-11ea-a1b3-8dca13e691d3,10794,https://assets.learnapp.com/catalog/courses/352ef7d0-9534-11ea-a1b3-8dca13e691d3/19264a58-66fe-4017-9d3c-d0927e1b0de3-238x165.jpg,courses
Basics Of Options,basics-of-options,8ff314d0-03f7-11eb-9043-b3c18d43445b,10311,https://assets.learnapp.com/catalog/courses/8ff314d0-03f7-11eb-9043-b3c18d43445b/1d77ff02-c510-4efb-8bff-6fa15b3bf994-238x165.jpg,courses
Positional Banknifty Options Strategy,positional-banknifty-options-strategy,9f04d7b0-f26a-11e8-9483-21da09371c64,4506,https://assets.learnapp.com/catalog/courses/9f04d7b0-f26a-11e8-9483-21da09371c64/080dc528-08b8-4e85-88f2-f705390c7314-238x165.jpg,courses
Trading Breakouts and Breakdowns,trading-breakouts-and-breakdowns,eace47ad-52ee-4ab4-b063-08de45adf318,2660,https://assets.learnapp.com/catalog/courses/eace47ad-52ee-4ab4-b063-08de45adf318/fdeefecb-d0be-4a3a-b2dd-3deb3a4d1d64.jpeg,courses
Learn an Options Writing Strategy,learn-an-options-writing-strategy,ec349b20-6a3d-11e8-a844-8d5c04d9223b,2593,https://assets.learnapp.com/catalog/courses/ec349b20-6a3d-11e8-a844-8d5c04d9223b/abf23a74-b348-4fec-904b-abfc4f2720de-238x165.jpg,courses
Forex And Arbitrage,forex-and-arbitrage,1e79a440-70b5-11e8-ad86-bd4457ac7cf3,3653,https://assets.learnapp.com/catalog/courses/1e79a440-70b5-11e8-ad86-bd4457ac7cf3/24f68080-7d60-4334-9aa3-cea4b5c85c4c-238x165.jpg,courses
Build your Trading System,build-your-trading-system,d53b1004-f5f5-40ca-ae51-a16881c49a84,4143,https://assets.learnapp.com/catalog/courses/d53b1004-f5f5-40ca-ae51-a16881c49a84/60c30108-78a2-4f80-860c-1ae39e1b4aee.jpeg,courses
Nifty Delta Hedging,nifty-delta-hedging,9534fb70-86ed-11ea-9ded-f16addb59073,3677,https://assets.learnapp.com/catalog/courses/9534fb70-86ed-11ea-9ded-f16addb59073/c167812d-0a82-4be0-85ef-63db71cd9e6b-238x165.jpg,courses
Learn Momentum Indicators,learn-momentum-indicators,07fa5221-53e5-4315-ac86-25efebdca7f5,4074,https://assets.learnapp.com/catalog/courses/07fa5221-53e5-4315-ac86-25efebdca7f5/88f7b6a5-a22d-4956-9bf6-fdef931af0f0.jpeg,courses
Learn Intraday Strategy,learn-intraday-strategy,efe897e0-91fe-11ea-a443-479d55b18e2e,4432,https://assets.learnapp.com/catalog/courses/efe897e0-91fe-11ea-a443-479d55b18e2e/63b6df86-82d6-4d07-a95a-ada93f631f41-238x165.jpg,courses
"Iron Condors, Butterfly and Calendar spreads",iron-condors-butterfly-and-calendar-spreads,86933880-0ea5-11eb-b915-3b05f04892cb,9644,https://assets.learnapp.com/catalog/courses/86933880-0ea5-11eb-b915-3b05f04892cb/9b045609-f627-4132-9ca2-330d0602fdc5-238x165.jpg,courses
Single Candlesticks,single-candlesticks,43e79223-e980-4a61-be82-c7e90998ed04,3749,https://assets.learnapp.com/catalog/courses/43e79223-e980-4a61-be82-c7e90998ed04/a7c2056b-0e50-435e-ba32-8e92c063d2ab.jpeg,courses
Option Buying Momentum Strategy,option-buying-momentum-strategy,fc723a00-5a50-11eb-887b-b17b505a5d06,7568,https://assets.learnapp.com/catalog/courses/fc723a00-5a50-11eb-887b-b17b505a5d06/03380740-781d-4fb7-9526-0224b43e90a7-238x165.jpg,courses
Support & Resistance ,support-resistance-,2cb0297d-950a-49bf-888b-3251cba46717,2300,https://assets.learnapp.com/catalog/courses/2cb0297d-950a-49bf-888b-3251cba46717/3128399d-46ce-4371-8468-c0e9e69433cb.jpeg,courses
Basics Of Trading,basics-of-trading,25441610-1ee3-11ea-b3f1-c5c802f3ffde,4562,https://assets.learnapp.com/catalog/courses/25441610-1ee3-11ea-b3f1-c5c802f3ffde/49ac9360-023d-476b-9e5f-2ca1dc5e6fcb-238x165.jpg,courses
Banknifty Weekly Options Strategy,banknifty-weekly-options-strategy,4c6bbcc0-1ee3-11ea-b3f1-c5c802f3ffde,3370,https://assets.learnapp.com/catalog/courses/4c6bbcc0-1ee3-11ea-b3f1-c5c802f3ffde/9bf2b1ef-3d0b-44cb-a058-71bdbe123ac9-238x165.jpg,courses
Intraday gap up equity strategy,intraday-gap-up-equity-strategy,911ff4d5-2c8f-4c50-b058-57d09af0de4a,3501,https://assets.learnapp.com/catalog/courses/911ff4d5-2c8f-4c50-b058-57d09af0de4a/7452a9cf-0ecc-46d4-a9bb-2709a1a7cce3.jpeg,courses
Straddles and Strangles,straddles-and-strangles,a3d12ec0-0ea5-11eb-b915-3b05f04892cb,9879,https://assets.learnapp.com/catalog/courses/a3d12ec0-0ea5-11eb-b915-3b05f04892cb/7c1c51b7-667e-442d-8c1c-c68b291c7b50-238x165.jpg,courses
Hedging Bluechip Stocks with Options,hedging-bluechip-stocks-with-options,30e1e1d0-a66c-11ea-82f5-09e062606d64,2402,https://assets.learnapp.com/catalog/courses/30e1e1d0-a66c-11ea-82f5-09e062606d64/75ad2da7-19b2-4f0a-ada7-38c515d46d68-238x165.jpg,courses
Trading Podcast II,trading-podcast-ii,4b542120-b613-11ea-affe-152c5c86df7f,4243,https://assets.learnapp.com/catalog/courses/4b542120-b613-11ea-affe-152c5c86df7f/87da543c-a83a-457e-ac22-5b3a0ce8cc01-238x165.jpg,courses
Intro to Technical Analysis,intro-to-technical-analysis,2e579030-5177-11ea-9e66-776743d92680,2257,https://assets.learnapp.com/catalog/courses/2e579030-5177-11ea-9e66-776743d92680/e3f3a40a-58f6-4199-ac35-1076f2d192f0-238x165.jpg,courses
Price Action Strategy,price-action-strategy,f30383fc-70f2-427f-9495-0c76ff1a34dd,2351,https://assets.learnapp.com/catalog/courses/f30383fc-70f2-427f-9495-0c76ff1a34dd/93d0302f-e651-4740-bea6-32e13e060c8c.jpeg,courses
Index Futures Intraday Strategy,index-futures-intraday-strategy,7c79cc2d-1744-4417-b2fa-202215f7a079,6576,https://assets.learnapp.com/catalog/courses/7c79cc2d-1744-4417-b2fa-202215f7a079/8b989e93-f507-4090-91c1-d250e89bf853.jpeg,courses
Learn Volume Indicators ,learn-volume-indicators-,336456e1-9f84-4a9f-8e38-2dc94d541c90,3563,https://assets.learnapp.com/catalog/courses/336456e1-9f84-4a9f-8e38-2dc94d541c90/eed873d2-d337-41bf-be36-0988ef8d19c2.jpeg,courses
Learn How Trend Trading Works,learn-how-trend-trading-works,42aacd90-6a2e-11e8-8dac-bb6da8ad0372,2820,https://assets.learnapp.com/catalog/courses/42aacd90-6a2e-11e8-8dac-bb6da8ad0372/2b7a5173-35d3-4dba-85c5-12c4c65b30bc-238x165.jpg,courses
Learn Trend Indicators,learn-trend-indicators,f52e918c-cd1b-4c63-bbbc-b8f34e8e375d,4196,https://assets.learnapp.com/catalog/courses/f52e918c-cd1b-4c63-bbbc-b8f34e8e375d/9f3b0115-da8a-4bc0-b086-0a932e44ca26.jpeg,courses
Intraday Expiry Trading Strategy,intraday-expiry-trading-strategy,adc146d4-e833-411b-bf95-4af683f2b67e,2283,https://assets.learnapp.com/catalog/courses/adc146d4-e833-411b-bf95-4af683f2b67e/5507df5b-ce2d-47c4-a438-b88b7f1211d2.jpeg,courses
Nifty Hedged Short Strangle,nifty-hedged-short-strangle,f4f3ec10-1ee2-11ea-b3f1-c5c802f3ffde,3914,https://assets.learnapp.com/catalog/courses/f4f3ec10-1ee2-11ea-b3f1-c5c802f3ffde/842f4647-ab95-4707-a0a6-89acb4f1da22-238x165.jpg,courses
Intraday Option Buying Strategy,intraday-option-buying-strategy,3c1663a0-1f7f-11eb-abdc-0d81a2874eb3,6307,https://assets.learnapp.com/catalog/courses/3c1663a0-1f7f-11eb-abdc-0d81a2874eb3/29e0fa43-d904-4fe2-ad24-dae8d7bc6de0-238x165.jpg,courses
Multiple Candlestick Pattern,multiple-candlestick-pattern,eccf7f77-38c4-46da-a7df-47da158bd8a6,3838,https://assets.learnapp.com/catalog/courses/eccf7f77-38c4-46da-a7df-47da158bd8a6/a108a4cc-e49a-4f03-8614-bf2757270a01.jpeg,courses
Learn Statistical Arbitrage,learn-statistical-arbitrage,927b2470-6c2e-11e9-b269-0f523e2df262,4892,https://assets.learnapp.com/catalog/courses/927b2470-6c2e-11e9-b269-0f523e2df262/e840dd42-e6f1-4fa4-9a23-7d59b0b4f163-238x165.jpg,courses
Crypto Trend Following Strategy,crypto-trend-following-strategy,a9971c30-3f3d-4587-a0eb-d2e04057909c,4649,https://assets.learnapp.com/catalog/courses/a9971c30-3f3d-4587-a0eb-d2e04057909c/1f204f91-fd23-4341-a2d1-909538434423.jpeg,courses
Learn to Invest in Mutual Funds,learn-to-invest-in-mutual-funds,e891fb30-7a9f-11e8-bc1e-5f22d3795970,2493,https://assets.learnapp.com/catalog/courses/e891fb30-7a9f-11e8-bc1e-5f22d3795970/6dbf1afc-dfa3-4e11-84d8-fd510a28aa15-238x165.jpg,courses
How Peer to Peer Lending Works,how-peer-to-peer-lending-works,643bd830-1f02-11e9-87b4-554f01317d25,2791,https://assets.learnapp.com/catalog/courses/643bd830-1f02-11e9-87b4-554f01317d25/18bcb92e-f205-431e-98a4-903e6410e367-238x165.jpg,courses
Quality Compounders Portfolio Strategy,quality-compounders-portfolio-strategy,7dc313ce-000b-4a8d-8102-b1f26a9ae65d,7795,https://assets.learnapp.com/catalog/courses/7dc313ce-000b-4a8d-8102-b1f26a9ae65d/ea86f5ec-a4a9-4aa5-afeb-57b8ca6ce1a8.jpeg,courses
Beyond Balance Sheets,beyond-balance-sheets,406fc4e0-ca19-11e8-8732-b98233a6c545,4130,https://assets.learnapp.com/catalog/courses/406fc4e0-ca19-11e8-8732-b98233a6c545/4b5785ee-330f-4c3d-9973-e911ce88be8e-238x165.jpg,courses
Learn Investment Planning,learn-investment-planning,f7e98850-3043-11e9-b48e-199781538cff,2696,https://assets.learnapp.com/catalog/courses/f7e98850-3043-11e9-b48e-199781538cff/2bef3127-196d-4186-83ca-be86ee6fc37a-238x165.jpg,courses
Long India Portfolio ,long-india-portfolio-,4a9f4cfd-5e93-433d-a7b5-7a35d343705a,8529,https://assets.learnapp.com/catalog/courses/4a9f4cfd-5e93-433d-a7b5-7a35d343705a/39fa0b1f-e689-4143-b0ef-2a825026cffa.jpeg,courses
Bank Financial Statement Analysis,bank-financial-statement-analysis,42ab0290-1f02-11e9-87b4-554f01317d25,5121,https://assets.learnapp.com/catalog/courses/42ab0290-1f02-11e9-87b4-554f01317d25/ccc1e0a6-ff3c-4810-ab63-ec17b8d720ea-238x165.jpg,courses
Learn How Microfinance Works,learn-how-microfinance-works,c66616e0-456a-11e9-9902-d3a84585a3a1,4639,https://assets.learnapp.com/catalog/courses/c66616e0-456a-11e9-9902-d3a84585a3a1/7b9a47b6-5eee-4d5f-8541-49d7d65fa9d4-238x165.jpg,courses
Learn long term investing,learn-long-term-investing,9c6e7c70-4243-11ea-b54f-5171b6030b4b,4650,https://assets.learnapp.com/catalog/courses/9c6e7c70-4243-11ea-b54f-5171b6030b4b/6e3882be-d9e0-476e-a110-7c20e4c1da27-238x165.jpg,courses
How Income Tax Works,how-income-tax-works,5cc95a90-2ae4-11e8-bca5-07cfe8c9fe75,3436,https://assets.learnapp.com/catalog/courses/5cc95a90-2ae4-11e8-bca5-07cfe8c9fe75/dcede0df-f5ff-4a63-9c95-d59ba8fc3877-238x165.jpg,courses
Financial Ratios,financial-ratios,1ce55156-3af7-4714-bd61-36c39e80a777,6966,https://assets.learnapp.com/catalog/courses/1ce55156-3af7-4714-bd61-36c39e80a777/a0c06043-c5ab-4e34-846f-ebf9f3ebf442-238x165.jpg,courses
PPP Investment Strategy,ppp-investment-strategy,47632fe0-c02f-11ea-acef-39cf9bab2252,9455,https://assets.learnapp.com/catalog/courses/47632fe0-c02f-11ea-acef-39cf9bab2252/f4cac3f1-0679-4184-93c1-8ada31973111-238x165.jpg,courses
Learn How Bond Markets Work,learn-how-bond-markets-work,ba017000-1ee2-11ea-b3f1-c5c802f3ffde,4610,https://assets.learnapp.com/catalog/courses/ba017000-1ee2-11ea-b3f1-c5c802f3ffde/e7f883ec-3c08-4c10-8fc4-8ebe53c2cfbc-238x165.jpg,courses
Equity Mutual Fund Analysis,equity-mutual-fund-analysis,ce4c7b60-dbaf-11ea-82fa-d95085f7326d,9005,https://assets.learnapp.com/catalog/courses/ce4c7b60-dbaf-11ea-82fa-d95085f7326d/646bb859-292f-47c1-bc26-1dc532f8cade-238x165.jpg,courses
Economic Indicators & Stocks,economic-indicators-stocks,4beadf80-7aa0-11e8-85ec-417853d623d0,2387,https://assets.learnapp.com/catalog/courses/4beadf80-7aa0-11e8-85ec-417853d623d0/a1a71b9c-a606-43e2-b481-66b31df2d08f-238x165.jpg,courses
Introduction to Value Investing,introduction-to-value-investing,7fd95da0-46a5-11e8-926c-3f68b3d87394,2702,https://assets.learnapp.com/catalog/courses/7fd95da0-46a5-11e8-926c-3f68b3d87394/6ab2e1ef-5396-47ec-8f02-3d97ed2d7012-238x165.jpg,courses
Learn How Trend Investing Works,learn-how-trend-investing-works,1d21d6a0-7175-11e9-a587-89e9f21c0f9f,3896,https://assets.learnapp.com/catalog/courses/1d21d6a0-7175-11e9-a587-89e9f21c0f9f/94b77612-444b-4dcf-8858-6dbcd1c64eaa-238x165.jpg,courses
Learn How ETF Investing Works,learn-how-etf-investing-works,0de38bd0-1f03-11e9-87b4-554f01317d25,2141,https://assets.learnapp.com/catalog/courses/0de38bd0-1f03-11e9-87b4-554f01317d25/51b8c368-7278-4318-9629-9015615ba95c-238x165.jpg,courses
Bullet Momentum Strategy,bullet-momentum-strategy,763b6dbf-0978-47d1-ab71-542f32044b78,4829,https://assets.learnapp.com/catalog/courses/763b6dbf-0978-47d1-ab71-542f32044b78/c4cad01c-22c2-4554-a55f-d273e15aac3d.jpeg,courses
The Boring Portfolio Strategy,the-boring-portfolio-strategy,623dc721-96d4-4da1-95a8-6b92f05c5102,6209,https://assets.learnapp.com/catalog/courses/623dc721-96d4-4da1-95a8-6b92f05c5102/730fccf4-430d-4e1f-99b5-25c25fd48f1f.jpeg,courses
Balance Sheet and Cash Flow Statement,balance-sheet-and-cash-flow-statement,032cac80-d889-11ea-91a8-1d920f0ea3ea,9282,https://assets.learnapp.com/catalog/courses/032cac80-d889-11ea-91a8-1d920f0ea3ea/8dc084d5-f3ea-4c44-a883-823d7d1d8d8c-238x165.jpg,courses
Basics Of Personal Finance,basics-of-personal-finance,ea0d5b70-b487-11ea-afa0-ad3be40c3de9,5513,https://assets.learnapp.com/catalog/courses/ea0d5b70-b487-11ea-afa0-ad3be40c3de9/23893b5d-0b67-4d97-9e36-b84f72f8af17-238x165.jpg,courses
Learn How Capital Markets Work,learn-how-capital-markets-work,96b4eef0-6a53-11e8-bb99-992742d6e7e1,2603,https://assets.learnapp.com/catalog/courses/96b4eef0-6a53-11e8-bb99-992742d6e7e1/5ef753bb-167a-4cf9-b424-e178be80dda6-238x165.jpg,courses
Learn To Build A Growth Stars Portfolio,learn-to-build-a-growth-stars-portfolio,2bf1a1de-11aa-4124-bc11-afd24dfff615,5450,https://assets.learnapp.com/catalog/courses/2bf1a1de-11aa-4124-bc11-afd24dfff615/f9ad9918-cace-4a95-83eb-e9d0ebc3609c.jpeg,courses
Debt Mutual Fund Analysis,debt-mutual-fund-analysis,a15c44d9-8b3c-49b5-bcd8-bf050fe4664a,6491,https://assets.learnapp.com/catalog/courses/a15c44d9-8b3c-49b5-bcd8-bf050fe4664a/5f7362a2-938f-4989-b430-ea16f088eab7.jpeg,courses
Annual Reports and Profit and Loss,annual-reports-and-profit-and-loss,52946960-c00c-11ea-9d9e-194d9ebc5bb1,3626,https://assets.learnapp.com/catalog/courses/52946960-c00c-11ea-9d9e-194d9ebc5bb1/18b1f6be-723a-4415-8ce9-c32765e2bbbd-238x165.jpg,courses
Clean & Consistent Equity Investing,clean-consistent-equity-investing,22f7b7c0-223d-11e9-8357-0b85714b7fef,4019,https://assets.learnapp.com/catalog/courses/22f7b7c0-223d-11e9-8357-0b85714b7fef/f35c1cd8-cf9e-46a6-a1da-21e24c599927-238x165.jpg,courses
Learn Growth Investing,learn-growth-investing,01594b70-068f-11e9-b7f8-973edbd5a779,5819,https://assets.learnapp.com/catalog/courses/01594b70-068f-11e9-b7f8-973edbd5a779/eaeff120-d737-4fde-9542-728450c31263-238x165.jpg,courses
Intro to DCF,intro-to-dcf,8bb59d30-b07c-11ea-b35e-37110317bef7,2753,https://assets.learnapp.com/catalog/courses/8bb59d30-b07c-11ea-b35e-37110317bef7/bf9dd95a-5e43-4e33-a5a5-304c9f46d143-238x165.jpg,courses
Learn How to Build Different Portfolios,learn-how-to-build-different-portfolios,0b6f5310-ef2e-11e9-b00d-c361917ab9f7,4226,https://assets.learnapp.com/catalog/courses/0b6f5310-ef2e-11e9-b00d-c361917ab9f7/f948a400-1194-4850-ae3b-8beec1c2238f-238x165.jpg,courses
Learn the art of investing,learn-the-art-of-investing,80e3b470-4243-11ea-b54f-5171b6030b4b,4275,https://assets.learnapp.com/catalog/courses/80e3b470-4243-11ea-b54f-5171b6030b4b/eb90be28-a366-44d9-bbc2-33d71f206853-238x165.jpg,courses
Investing book insights,investing-book-insights,4f446210-952d-11ea-a02d-41541dbfbda0,4663,https://assets.learnapp.com/catalog/courses/4f446210-952d-11ea-a02d-41541dbfbda0/561b34c1-20b4-4ae3-ae07-1e5c2d8bfb6f-238x165.jpg,courses
Asset Allocation Strategy,asset-allocation-strategy,ca3502cc-7849-4d44-a8d4-59a83b75cb8f,6856,https://assets.learnapp.com/catalog/courses/ca3502cc-7849-4d44-a8d4-59a83b75cb8f/823854d7-633c-4417-ad81-aeb8476027eb.jpeg,courses
Learn How Fixed Income Works,learn-how-fixed-income-works,60962ff0-6a30-11e8-804e-d35466142cdc,2285,https://assets.learnapp.com/catalog/courses/60962ff0-6a30-11e8-804e-d35466142cdc/a10f4662-6420-4b78-9c28-e0818f477ac4-238x165.jpg,courses
Learn How Hedge Funds Work,learn-how-hedge-funds-work,aa640cb0-1f02-11e9-87b4-554f01317d25,2574,https://assets.learnapp.com/catalog/courses/aa640cb0-1f02-11e9-87b4-554f01317d25/68e6d6bf-73d7-4060-941d-d66f1b56076c-238x165.jpg,courses
RSI Investing Strategy,rsi-investing-strategy,8732c77b-9fcb-4d48-a951-802ca350fa91,3771,https://assets.learnapp.com/catalog/courses/8732c77b-9fcb-4d48-a951-802ca350fa91/25c1cd46-aadb-451d-8a47-b135104b7fec.jpeg,courses
Hidden Gems Portfolio Strategy,hidden-gems-portfolio-strategy,4755e601-f24a-4df9-b234-fce9d1e2b258,9550,https://assets.learnapp.com/catalog/courses/4755e601-f24a-4df9-b234-fce9d1e2b258/0a24a0a9-72fe-4bf6-8720-b352ce0f781e.jpeg,courses
Long Term Momentum Strategy,long-term-momentum-strategy,6ab1815b-2478-490a-92e2-77104f4fde08,3934,https://assets.learnapp.com/catalog/courses/6ab1815b-2478-490a-92e2-77104f4fde08/6a9fe0d9-2cf9-443e-a374-f4600a905df2.jpeg,courses
Learn How User Retention Works,learn-how-user-retention-works,98004da0-b002-11e8-9f1c-75aacf84bb6a,3446,https://assets.learnapp.com/catalog/courses/98004da0-b002-11e8-9f1c-75aacf84bb6a/3531b24b-fa41-4e98-be1a-0189e400e3a0-238x165.jpg,courses
Journey from Idea to Product,journey-from-idea-to-product,587546a0-52e5-11e9-98ae-add81290a01e,4068,https://assets.learnapp.com/catalog/courses/587546a0-52e5-11e9-98ae-add81290a01e/cfa0841a-02cc-487f-8412-ceff840d2085-238x165.jpg,courses
Learn Marketing Essentials,learn-marketing-essentials,b29363d0-6c2e-11e9-b269-0f523e2df262,5122,https://assets.learnapp.com/catalog/courses/b29363d0-6c2e-11e9-b269-0f523e2df262/d36bb571-4fb2-4c3f-abc6-a7e8c5b6800f-238x165.jpg,courses
Art of Spontaneous Communications,art-of-spontaneous-communications,0dfe9690-0799-11e9-933a-6558d3abc720,2307,https://assets.learnapp.com/catalog/courses/0dfe9690-0799-11e9-933a-6558d3abc720/cfbfaa8c-b01f-4a9c-a4a4-c06b02b8340c-238x165.jpg,courses
Learn how Chatbot marketing works,learn-how-chatbot-marketing-works,55dd3360-dece-11e9-827c-9d9a18ae6eb1,5536,https://assets.learnapp.com/catalog/courses/55dd3360-dece-11e9-827c-9d9a18ae6eb1/36062577-71f5-4c3f-bd39-af00b0181672-238x165.jpg,courses
The 4 A's of Management,the-4-as-of-management,ffab1970-f89c-11e8-af67-2f096c980aad,2600,https://assets.learnapp.com/catalog/courses/ffab1970-f89c-11e8-af67-2f096c980aad/edaa9059-fcfb-4719-b76c-68ebaea0acc5-238x165.jpg,courses
Learn How to Scale Fashion Retail,learn-how-to-scale-fashion-retail,74ddff50-71a1-11e9-a4f3-732abf159ba0,3343,https://assets.learnapp.com/catalog/courses/74ddff50-71a1-11e9-a4f3-732abf159ba0/2bae3805-2cf4-41c0-af70-bac8a9d0abea-238x165.jpg,courses
Learn How to Build Global Products,learn-how-to-build-global-products,b561d1a0-70ad-11e8-ad86-bd4457ac7cf3,3295,https://assets.learnapp.com/catalog/courses/b561d1a0-70ad-11e8-ad86-bd4457ac7cf3/84d04c5b-d12a-423a-bb4b-38263a5a2b91-238x165.jpg,courses
Learn How Venture Capital Works,learn-how-venture-capital-works,a808cc80-6a35-11e8-804e-d35466142cdc,2829,https://assets.learnapp.com/catalog/courses/a808cc80-6a35-11e8-804e-d35466142cdc/edcbc8a0-c847-4b33-9a74-e944984e0895-238x165.jpg,courses
Options and Volatility,options-and-volatility,b9ff0c5b-023f-55d3-9b14-99c4421b937f,2530,https://assets.learnapp.com/catalog/webinars/b9ff0c5b-023f-55d3-9b14-99c4421b937f/25e68c5b-99a8-48ce-ad75-237ede414b2d.jpeg,classes
Swing trading strategies,swing-trading-strategies,a9879287-ea86-5e66-bb08-d43e3a056d38,10935,https://assets.learnapp.com/catalog/webinars/a9879287-ea86-5e66-bb08-d43e3a056d38/aa624bad-5c89-4644-9940-f05fb1344c8f.jpeg,classes
Trading and excel,trading-and-excel,b4fb3e76-8673-5f8f-8734-1fbff49fe13a,18250,https://assets.learnapp.com/catalog/webinars/b4fb3e76-8673-5f8f-8734-1fbff49fe13a/d5ce183d-ff47-4d1e-9e52-2eecb7ea95f0.jpeg,classes
Heiken Ashi Strategy,heiken-ashi-strategy,089b7904-764e-5494-80fd-c127199fa34b,6573,https://assets.learnapp.com/catalog/webinars/089b7904-764e-5494-80fd-c127199fa34b/b4a04495-70b7-4e92-a8fc-595e443c8ad0.jpeg,classes
Ask Me Anything,ask-me-anything,f567405b-93e1-597e-a1e6-6dbd0e80cfd6,17359,https://assets.learnapp.com/catalog/webinars/f567405b-93e1-597e-a1e6-6dbd0e80cfd6/6c26826a-eac8-4e7a-aa9b-a2e5d84cbedf.jpeg,classes
Psychology and Journals,psychology-and-journals,8c1e6756-5c9e-58d7-91fe-9f2657ba0973,5777,https://assets.learnapp.com/catalog/webinars/8c1e6756-5c9e-58d7-91fe-9f2657ba0973/c9bcbdf9-b92a-47e8-af35-ce9a71795ac4.jpeg,classes
Pullback strategies,pullback-strategies,6bec4d57-6e5d-567a-875d-b3d67222f723,14095,https://assets.learnapp.com/catalog/webinars/6bec4d57-6e5d-567a-875d-b3d67222f723/43dbacc6-6ca5-44b6-9a3b-7e697a444f98.jpeg,classes
Backtesting stocks with indicators - I,backtesting-stocks-with-indicators---i,81f2525c-4fce-5a3b-bab1-e6b9e1e8a74b,19978,https://assets.learnapp.com/catalog/webinars/81f2525c-4fce-5a3b-bab1-e6b9e1e8a74b/59de6417-2586-40c3-a0a9-f4d3b13915a2.jpeg,classes
Technical Analysis - Indicators,technical-analysis---indicators,7cba9bbd-0a6b-5e05-8306-c16c70df564f,11537,https://assets.learnapp.com/catalog/webinars/7cba9bbd-0a6b-5e05-8306-c16c70df564f/b3a7e1fa-2304-47cd-8557-058b05a71685.jpeg,classes
Contra Strategy,contra-strategy,439f1e98-68db-52ce-8799-6c8b736866f8,8834,https://assets.learnapp.com/catalog/webinars/439f1e98-68db-52ce-8799-6c8b736866f8/92c83fac-f5a1-462a-91e4-71818a39b075.jpeg,classes
Trading Strategy Reviews,trading-strategy-reviews,4246d116-15f6-52d5-a08b-544ce5408438,41154,https://assets.learnapp.com/catalog/webinars/4246d116-15f6-52d5-a08b-544ce5408438/e19ba746-cd6e-45f0-8c12-f61ded47439a.jpeg,classes
Backtesting stocks with indicators - II,backtesting-stocks-with-indicators---ii,65fa4113-293a-5c5c-8942-286896d8e0eb,14299,https://assets.learnapp.com/catalog/webinars/65fa4113-293a-5c5c-8942-286896d8e0eb/476229f6-58de-423e-adea-9eb3117e3e53.jpeg,classes
Stories to Communicate,stories-to-communicate,edf00b3f-7a27-56c6-87d7-345ac7ba391f,16302,https://assets.learnapp.com/catalog/webinars/edf00b3f-7a27-56c6-87d7-345ac7ba391f/03b6b851-fba5-4c87-9b0a-65d263afd9d2.jpeg,classes
Constructing a brand book to accelerate growth,constructing-a-brand-book-to-accelerate-growth,5ec0a193-6052-5c6f-b11c-6db953aeccfc,14011,https://assets.learnapp.com/catalog/webinars/5ec0a193-6052-5c6f-b11c-6db953aeccfc/56921b29-2208-4c0c-a9c5-63442eb9ac1a.jpeg,classes
Banking Sector Analysis 2020,banking-sector-analysis-2020,ee79573e-7e60-5c9e-a534-9028a2d677c8,10980,https://la-course-recommendation-engine.s3.ap-south-1.amazonaws.com/Basics+of+Trading.jpeg,classes
Analysing questionable companies,analysing-questionable-companies,7f4696f0-ee41-5795-a6ae-327796cde63b,53612,https://assets.learnapp.com/catalog/webinars/7f4696f0-ee41-5795-a6ae-327796cde63b/1dd6114e-0919-4a70-af09-ab414a83b45c.jpeg,classes
Company and Sector analysis 2019 Review,company-and-sector-analysis-2019-review,6bffe605-8846-5af9-8364-db4eff8d8cdf,7579,https://assets.learnapp.com/catalog/webinars/6bffe605-8846-5af9-8364-db4eff8d8cdf/877c0035-fc92-4be3-97f7-5a2c3bd3c67e.jpeg,classes
Investing strategy reviews,investing-strategy-reviews,f6d51198-279e-5be8-aa3a-cf8ad70876d0,1318,https://assets.learnapp.com/catalog/webinars/f6d51198-279e-5be8-aa3a-cf8ad70876d0/c330e2d3-c44d-42ab-9953-b7f572cc8f30.jpeg,classes
PPP Strategy Company Analysis,ppp-strategy-company-analysis,bfc0e4d2-68b5-5fe1-a683-75007705d679,11493,https://assets.learnapp.com/catalog/webinars/bfc0e4d2-68b5-5fe1-a683-75007705d679/ab5c76e7-5179-46cd-bb2d-0cdfbeb2a3b5.jpeg,classes
Insurance Products & taxes,insurance-products-taxes,02979d71-dd10-57b6-821b-e283e5146618,1703,https://assets.learnapp.com/catalog/webinars/02979d71-dd10-57b6-821b-e283e5146618/07b84a65-7b8a-42a2-9457-77d2c3c56175.jpeg,classes
Analysing company's debt,analysing-companys-debt,a61c6b3b-7350-55b2-9007-e36d56357f1e,3269,https://assets.learnapp.com/catalog/webinars/a61c6b3b-7350-55b2-9007-e36d56357f1e/072ab6b2-7675-4fb6-aeae-354175c0b6f0.jpeg,classes
Invest Karona,invest-karona,9274e60f-3021-5f82-8b4c-5066920b1f78,12430,https://la-course-recommendation-engine.s3.ap-south-1.amazonaws.com/Basics+of+Trading.jpeg,classes
Create factor based portfolio,create-factor-based-portfolio,8d61ce0c-4624-5508-9056-4edc8aae1f5f,15687,https://assets.learnapp.com/catalog/webinars/8d61ce0c-4624-5508-9056-4edc8aae1f5f/7bf81f96-538e-4011-882b-a345aec962e1.jpeg,classes
Company analysis and Global Macro,company-analysis-and-global-macro,5af87cbc-5fee-5ae8-ba3f-a27abb1eb0a6,63975,https://assets.learnapp.com/catalog/webinars/5af87cbc-5fee-5ae8-ba3f-a27abb1eb0a6/95e0f620-acc8-46bf-a2ab-f6761ba7fbdb.jpeg,classes
Review of mutual funds 2019,review-of-mutual-funds-2019,9a3a6744-c22c-5eff-8bc8-ebc688d9ec62,4813,https://assets.learnapp.com/catalog/webinars/9a3a6744-c22c-5eff-8bc8-ebc688d9ec62/f97e655f-0651-431b-953e-2b078864a9b5.jpeg,classes
Bank Nifty Intraday short straddle Performance,bank-nifty-intraday-short-straddle-performance,f02a18e0-bbd5-4a9e-b3e9-0645f2695d2c,2451,https://assets.learnapp.com/catalog/workshops/f02a18e0-bbd5-4a9e-b3e9-0645f2695d2c/9a2619f5-71ca-4d89-9d42-54b8cc15ac1b.jpeg,workshops
Trade Short Strangle (Hindi),trade-short-strangle-hindi,16085cc4-fd89-401c-9728-9673cc51cb44,2223,https://assets.learnapp.com/catalog/workshops/16085cc4-fd89-401c-9728-9673cc51cb44/109beb2b-20a3-4453-b7a2-c8b5a4b6bdbb.jpeg,workshops
Swing Trading based on Momentum (Hindi),swing-trading-based-on-momentum-hindi,1ea0fc22-dae5-4419-9ef6-75a026401f96,2264,https://assets.learnapp.com/catalog/workshops/1ea0fc22-dae5-4419-9ef6-75a026401f96/e165672e-4233-480a-a1cc-391bd6346d55.jpeg,workshops
Bank Nifty Expiry Trading,bank-nifty-expiry-trading,66581774-efb5-44db-80b6-12248e223523,2035,https://assets.learnapp.com/catalog/workshops/66581774-efb5-44db-80b6-12248e223523/44c9cf6a-c1a4-4f3f-940f-0124cf901308.jpeg,workshops
Bank-Nifty short straddle review(Hindi),bank-nifty-short-straddle-reviewhindi,02a0cbbd-ac9c-45ca-9a53-64275e89615f,4163,https://assets.learnapp.com/catalog/workshops/02a0cbbd-ac9c-45ca-9a53-64275e89615f/020898cd-80b5-4d44-873a-474145528a14.jpeg,workshops
How to Trade options Spreads (Part II),how-to-trade-options-spreads-part-ii,91bdd1a6-10a3-4760-962c-c6c887088ab9,0,https://assets.learnapp.com/catalog/workshops/91bdd1a6-10a3-4760-962c-c6c887088ab9/be43b455-3738-4729-b09b-ec30e55c8a3c.jpeg,workshops
Learn to create your own Trading strategy,learn-to-create-your-own-trading-strategy,4f31098e-1036-4bed-bf6c-e2188f35d682,5746,https://assets.learnapp.com/catalog/workshops/4f31098e-1036-4bed-bf6c-e2188f35d682/7293df17-8bab-416f-b875-43874e719544.jpeg,workshops
Intraday short straddle review (Hindi),intraday-short-straddle-review-hindi,e593c45d-8a36-405e-af86-f3badc7f8929,3608,https://assets.learnapp.com/catalog/workshops/e593c45d-8a36-405e-af86-f3badc7f8929/6c4a898c-d7e9-48fd-b9d4-5b039fe2e376.jpeg,workshops
How To Trade in Bearish Market(Hindi),how-to-trade-in-bearish-markethindi,345fd850-7973-46b4-a245-208be45c5add,2905,https://assets.learnapp.com/catalog/workshops/345fd850-7973-46b4-a245-208be45c5add/25c1e850-5987-4cc7-b181-ede67b24e2b3.jpeg,workshops
How to identify Good Stocks in a Bearish market(Hindi),how-to-identify-good-stocks-in-a-bearish-markethindi,b2f631a1-8be1-4f08-82e9-ce90d00b356f,2222,https://assets.learnapp.com/catalog/workshops/b2f631a1-8be1-4f08-82e9-ce90d00b356f/ff895906-748f-4e0b-be33-ec826c874d4c.jpeg,workshops
Learn to find Nifty targets using Fibonacci,learn-to-find-nifty-targets-using-fibonacci,2ffdc1ee-259c-44a3-a83a-b74a2d59365f,3222,https://assets.learnapp.com/catalog/workshops/2ffdc1ee-259c-44a3-a83a-b74a2d59365f/1c4fc673-e068-4cc5-9b21-b3dc6065b49e.jpeg,workshops
How to trade Delta Neutral strategies(Hindi),how-to-trade-delta-neutral-strategieshindi,6d3af810-3f2a-4652-928d-f6718756b85e,2366,https://assets.learnapp.com/catalog/workshops/6d3af810-3f2a-4652-928d-f6718756b85e/a78de744-8c9c-4409-a202-c68d0a13ce58.jpeg,workshops
Intraday Mean Reversion Strategy Review,intraday-mean-reversion-strategy-review,6d0def14-f9cc-4e32-ab65-4891fb6f80b3,11749,https://assets.learnapp.com/catalog/workshops/6d0def14-f9cc-4e32-ab65-4891fb6f80b3/504bcb5b-6353-476f-8847-378b0a94001c.jpeg,workshops
How to trade direction with options,how-to-trade-direction-with-options,3a7f4c94-9f7c-4913-b3d9-a98236ec9888,3348,https://assets.learnapp.com/catalog/workshops/3a7f4c94-9f7c-4913-b3d9-a98236ec9888/245433d8-6122-44f7-8651-5473c8e73a16.jpeg,workshops
Pick High Momentum Stocks For Short Term Trading,pick-high-momentum-stocks-for-short-term-trading,dc87c120-af11-42a6-a308-df6a6d9df56c,7223,https://assets.learnapp.com/catalog/workshops/dc87c120-af11-42a6-a308-df6a6d9df56c/f4011b32-4f2a-44a5-9774-b15edb501dd5.jpeg,workshops
How to Trade Multibaggers -Golden Apple Strategy,how-to-trade-multibaggers--golden-apple-strategy,3c45554a-0cdc-4a84-af87-e2af8e98933a,7374,https://assets.learnapp.com/catalog/workshops/3c45554a-0cdc-4a84-af87-e2af8e98933a/52803472-fd44-4a81-a059-4a734b9cd77e.jpeg,workshops
Trend Following Strategy,trend-following-strategy,3cf2f0bd-f5ee-4b5a-bfe8-b60a4e034ab6,3595,https://assets.learnapp.com/catalog/workshops/3cf2f0bd-f5ee-4b5a-bfe8-b60a4e034ab6/2ba5e062-8b96-4e74-b8d8-061062783472.jpeg,workshops
Learn about William Fractal Indicator (Hindi),learn-about-william-fractal-indicator-hindi,356b8cab-e4c1-42a7-9323-e74d2c42614e,2004,https://assets.learnapp.com/catalog/workshops/356b8cab-e4c1-42a7-9323-e74d2c42614e/a64159fb-91b7-4d72-a827-fe30d14d8633.jpeg,workshops
Nifty hedge short strangle review,nifty-hedge-short-strangle-review,005f5b26-057c-444d-b513-c508d291d4eb,3148,https://assets.learnapp.com/catalog/workshops/005f5b26-057c-444d-b513-c508d291d4eb/85b877e5-6565-4e35-8502-98b743dc13cc.jpeg,workshops
How to Trade Ratio back Spreads (Part I),how-to-trade-ratio-back-spreads-part-i,928a6dad-4ccc-4a6d-b042-6f226a2b8fe1,2075,https://assets.learnapp.com/catalog/workshops/928a6dad-4ccc-4a6d-b042-6f226a2b8fe1/328ab340-e9e0-43c3-98e8-cbe1788b59ad.jpeg,workshops
How to trade vertical spreads(Hindi),how-to-trade-vertical-spreadshindi,df81c294-2527-4505-89f7-bdd145ed7432,2399,https://assets.learnapp.com/catalog/workshops/df81c294-2527-4505-89f7-bdd145ed7432/6d7040ae-bcfb-4ac9-8d75-a38029673dcd.jpeg,workshops
How To Capture Theta Decay ,how-to-capture-theta-decay-,3b5760f8-93bb-4c36-ba6a-dbc2047390d0,2605,https://assets.learnapp.com/catalog/workshops/3b5760f8-93bb-4c36-ba6a-dbc2047390d0/a6abc090-0354-4e39-9d39-c47dd837c6ea.jpeg,workshops
Trade Vertical spreads with stocks (Hindi),trade-vertical-spreads-with-stocks-hindi,9c0f022c-49c8-43ab-bb73-b695d243d3af,2676,https://assets.learnapp.com/catalog/workshops/9c0f022c-49c8-43ab-bb73-b695d243d3af/1775c6e6-9df4-416a-a852-dc9471863be0.jpeg,workshops
Intraday Options Expiry strategy review,intraday-options-expiry-strategy-review,7a08b16f-c5fe-45b9-a5e3-ded20e3e2200,1857,https://assets.learnapp.com/catalog/workshops/7a08b16f-c5fe-45b9-a5e3-ded20e3e2200/e0eb48a4-85d7-4b84-8b53-7e3acbd1e965.jpeg,workshops
Nifty Hedged Short Strangle Strategy Review,nifty-hedged-short-strangle-strategy-review,92d5fc7d-17a2-4fcb-94a4-c5e181079c03,4340,https://assets.learnapp.com/catalog/workshops/92d5fc7d-17a2-4fcb-94a4-c5e181079c03/fa12a66a-add5-44c0-b2ba-288e4e476b6a.jpeg,workshops
Impact of Implied Volatility on Option pricing (Hindi),impact-of-implied-volatility-on-option-pricing-hindi,c1e4ee6b-99f4-4831-a66b-4de1d95cec41,2132,https://assets.learnapp.com/catalog/workshops/c1e4ee6b-99f4-4831-a66b-4de1d95cec41/fe7e3108-0eb8-4e20-adda-d3c364e2e79f.jpeg,workshops
Advanced Calendar Spread - Hedge option strategies (Hindi),advanced-calendar-spread---hedge-option-strategies-hindi,93aff1bd-7475-492d-8fec-5c8e7e4eddf4,3414,https://assets.learnapp.com/catalog/workshops/93aff1bd-7475-492d-8fec-5c8e7e4eddf4/cb4c2206-6c93-4d43-9d3a-0c984a780bfb.jpeg,workshops
Analyze Market With Advanced Option Chain,analyze-market-with-advanced-option-chain,58fe637a-5637-4fdc-bdf0-9787c712a7ea,2794,https://assets.learnapp.com/catalog/workshops/58fe637a-5637-4fdc-bdf0-9787c712a7ea/152f6283-22e8-448c-8181-758bbb7e0a68.jpeg,workshops
Bank Nifty Iron condor with adjustment (Hindi),bank-nifty-iron-condor-with-adjustment-hindi,3d4d1bb3-a232-4e4e-92a9-2466574c945a,1954,https://assets.learnapp.com/catalog/workshops/3d4d1bb3-a232-4e4e-92a9-2466574c945a/a135728e-d3e0-463b-a67f-c62a86a8bd8f.jpeg,workshops
Theta Decay Option strategies for Expiry,theta-decay-option-strategies-for-expiry,e7a2da4a-e869-4354-ab3f-33f5213b3bcb,2244,https://assets.learnapp.com/catalog/workshops/e7a2da4a-e869-4354-ab3f-33f5213b3bcb/d87abf0b-1b7a-4eab-a90a-ea6abf42436f.jpeg,workshops
Iron condor  -Low risk Option Strategy for sideways market,iron-condor--low-risk-option-strategy-for-sideways-market,bf41900c-f55c-4da3-8dac-6425dddca7bd,3692,https://assets.learnapp.com/catalog/workshops/bf41900c-f55c-4da3-8dac-6425dddca7bd/ad4d1a06-4cd5-481d-923b-4ad05972c29c.jpeg,workshops
Basic of Option Greeks(Hindi),basic-of-option-greekshindi,fc849f8f-f2b1-4f03-a0d8-29c997c64019,3264,https://assets.learnapp.com/catalog/workshops/fc849f8f-f2b1-4f03-a0d8-29c997c64019/9316c4a3-44c1-4943-88a7-b43dc698722c.jpeg,workshops
Learn How to Trade Skew iron condor (Part III),learn-how-to-trade-skew-iron-condor-part-iii,ed48967a-afbf-4554-a673-c13bc2a139d7,0,https://assets.learnapp.com/catalog/workshops/ed48967a-afbf-4554-a673-c13bc2a139d7/543bcdcb-14da-42a9-bc1c-457796cb2452.jpeg,workshops
Scalping with Options (Hindi),scalping-with-options-hindi,1c413292-7936-4308-9a00-c47c6b568750,2977,https://assets.learnapp.com/catalog/workshops/1c413292-7936-4308-9a00-c47c6b568750/2d651cf6-b46a-42b6-875b-bbcce6c5a44f.jpeg,workshops
Theta Decay: Trading Holiday Trades ,theta-decay-trading-holiday-trades-,d4ff8443-3d91-4d3a-8dae-789e86372dbb,2932,https://assets.learnapp.com/catalog/workshops/d4ff8443-3d91-4d3a-8dae-789e86372dbb/ea4835bf-a4f6-4f1c-b6d0-a6d50b3ad962.jpeg,workshops
Calendar Spread A Option Strategy,calendar-spread-a-option-strategy,076cafc1-08f3-42cf-b742-406f5db7ec6a,2581,https://assets.learnapp.com/catalog/workshops/076cafc1-08f3-42cf-b742-406f5db7ec6a/c45324ad-1880-43bf-87b3-7918f2f08bb1.jpeg,workshops
Basics of Option Greeks,basics-of-option-greeks,0f6108db-5aff-4dcb-8779-451425a0f565,2873,https://assets.learnapp.com/catalog/workshops/0f6108db-5aff-4dcb-8779-451425a0f565/1c7aebc1-8bc7-4082-917a-15085e1a35e4.jpeg,workshops
Hot Stocks: Ratio Spread Strategy in SBIN,hot-stocks-ratio-spread-strategy-in-sbin,35fc5f91-2025-4eba-97f1-d0a3ee5ae085,3433,https://assets.learnapp.com/catalog/workshops/35fc5f91-2025-4eba-97f1-d0a3ee5ae085/17da4374-cf51-4a0f-83ae-b4b77f42b566.jpeg,workshops
Build a portfolio of consistent compounder,build-a-portfolio-of-consistent-compounder,f666de2f-db73-4813-b7fb-3c1575b50a05,5940,https://assets.learnapp.com/catalog/workshops/f666de2f-db73-4813-b7fb-3c1575b50a05/c0c3e710-7ad9-48d3-b059-63562e649b08.jpeg,workshops
Build a portfolio in 60 mins!,build-a-portfolio-in-60-mins!,bc1f2f88-d094-46e5-90d0-d37ff2b38c98,4281,https://assets.learnapp.com/catalog/workshops/bc1f2f88-d094-46e5-90d0-d37ff2b38c98/79b6a8df-c19b-4e11-8d81-e2452660989b.jpeg,workshops
Sustainable compounding with ESG Investing,sustainable-compounding-with-esg-investing,24977f3b-35e2-49b1-bd9e-291a483aaaf6,2121,https://assets.learnapp.com/catalog/workshops/24977f3b-35e2-49b1-bd9e-291a483aaaf6/1540c105-0556-4352-9ffe-afafc34f9507.jpeg,workshops
Build Portfolio using the 12-20-80 Strategy,build-portfolio-using-the-12-20-80-strategy,e8432a09-6896-4477-864f-6b1a8f64834c,1956,https://assets.learnapp.com/catalog/workshops/e8432a09-6896-4477-864f-6b1a8f64834c/c72b1bc8-46b2-4410-aaa8-e7b7c7989914.jpeg,workshops
Build a portfolio of consistent compounders,build-a-portfolio-of-consistent-compounders,b8a5c5c1-227a-452b-8328-46f7571d0482,4347,https://assets.learnapp.com/catalog/workshops/b8a5c5c1-227a-452b-8328-46f7571d0482/92154186-c88d-4fcd-8e6c-9ba81cb1831f.jpeg,workshops
How Income tax returns work,how-income-tax-returns-work,eac84a15-35bd-4622-9648-be0970e241b3,4201,https://assets.learnapp.com/catalog/workshops/eac84a15-35bd-4622-9648-be0970e241b3/6a5e3c44-d2d8-45f9-8f86-8816f5d8159c.jpeg,workshops
Health Insurance 101 Basics of Health insurance,health-insurance-101-basics-of-health-insurance,ef33f2c6-0345-49f8-b60a-e23273322a05,3920,https://assets.learnapp.com/catalog/workshops/ef33f2c6-0345-49f8-b60a-e23273322a05/465f1859-a1e4-410b-a6d0-cee07f71fa37.jpeg,workshops
Paytm IPO: India's Biggest IPO Story,paytm-ipo-indias-biggest-ipo-story,bab5b0fe-7a79-481d-9eeb-a50345d37a9f,4247,https://assets.learnapp.com/catalog/workshops/bab5b0fe-7a79-481d-9eeb-a50345d37a9f/1c6be24f-5902-426d-b3cd-ed3c4bb801bc.jpeg,workshops
Adani Wilmar IPO,adani-wilmar-ipo,56745101-cb2f-4c11-93cf-443d56461608,1714,https://assets.learnapp.com/catalog/workshops/56745101-cb2f-4c11-93cf-443d56461608/2e545686-2511-476f-859d-76731d24461f.jpeg,workshops
Nykaa IPO,nykaa-ipo,580fdf9a-94e5-4bca-b217-66a17111a5dc,4222,https://assets.learnapp.com/catalog/workshops/580fdf9a-94e5-4bca-b217-66a17111a5dc/51dc8ff4-382d-4c68-b888-4ad737888539.jpeg,workshops
Multibagger case study:  SRF Ltd,multibagger-case-study-srf-ltd,c6100759-c2f5-47be-a570-281b127823a3,4052,https://assets.learnapp.com/catalog/workshops/c6100759-c2f5-47be-a570-281b127823a3/4783bd93-0704-49ac-8b02-c7c0bf6f1a52.jpeg,workshops
Build a winning portfolio in 90 minutes!,build-a-winning-portfolio-in-90-minutes!,aece5550-93a0-4f40-bf58-9bd0c2f1d613,8253,https://assets.learnapp.com/catalog/workshops/aece5550-93a0-4f40-bf58-9bd0c2f1d613/02803b62-f751-4c17-8ab7-eaab87f44a64.jpeg,workshops
Multibagger Case Study - Marico,multibagger-case-study---marico,f4ede2b1-402b-4884-b361-f708a71c6fec,3613,https://assets.learnapp.com/catalog/workshops/f4ede2b1-402b-4884-b361-f708a71c6fec/acfe221f-e7fa-47b7-8c18-d5f1077a80c9.jpeg,workshops
ICICI Bank - Momentum Trading,icici-bank---momentum-trading,0a505404-a652-41d4-b633-26751de25c40,3744,https://assets.learnapp.com/catalog/workshops/0a505404-a652-41d4-b633-26751de25c40/f9d56cca-e6d3-46e9-bb69-34652d6834e0.jpeg,workshops
Sona Comstar: Darkhorse of EV Sector,sona-comstar-darkhorse-of-ev-sector,f4a1ba0a-7369-4527-80ef-98da0364289f,3453,https://assets.learnapp.com/catalog/workshops/f4a1ba0a-7369-4527-80ef-98da0364289f/ad30a363-1565-461b-a1c1-bed705cebcf2.jpeg,workshops
How to create your own Trading strategy,how-to-create-your-own-trading-strategy,f9d0d4bb-8c90-400b-8ee6-ecb5e99d5032,8372,https://assets.learnapp.com/catalog/workshops/f9d0d4bb-8c90-400b-8ee6-ecb5e99d5032/135b0630-e6fe-45f0-8149-aa132f8b067d.jpeg,workshops
Analysis of Tataâ€™s internal EV ecosystem,analysis-of-tatas-internal-ev-ecosystem,77c4f49d-49fc-42c2-8c57-c7955b748586,3740,https://assets.learnapp.com/catalog/workshops/77c4f49d-49fc-42c2-8c57-c7955b748586/06b68218-944d-40e4-8975-ad2032b8ca86.jpeg,workshops
Technicals & Fundamentals of Happiest minds,technicals-fundamentals-of-happiest-minds,dadc1d96-5dab-4e77-a38d-5f3eae329109,4086,https://assets.learnapp.com/catalog/workshops/dadc1d96-5dab-4e77-a38d-5f3eae329109/fe2617c2-fe33-40af-aa9c-80a52d6db364.jpeg,workshops
Laurus labs: Coffee can investing,laurus-labs-coffee-can-investing,1269e948-188c-40e0-89c2-edbb138a7096,3702,https://assets.learnapp.com/catalog/workshops/1269e948-188c-40e0-89c2-edbb138a7096/38962145-4351-41f1-8e34-cbda559419d1.jpeg,workshops
Technicals and Fundamentals of Britannia Industries,technicals-and-fundamentals-of-britannia-industries,60a4d984-8bf8-4e93-bd14-538de6029454,3519,https://assets.learnapp.com/catalog/workshops/60a4d984-8bf8-4e93-bd14-538de6029454/d644b96d-8543-4f0b-9a9f-2f82d7ce6cf8.jpeg,workshops
Jubilant foodworks: A hidden tech company?,jubilant-foodworks-a-hidden-tech-company,b3c36c4b-c972-4a61-8144-92be678c2268,2530,https://assets.learnapp.com/catalog/workshops/b3c36c4b-c972-4a61-8144-92be678c2268/c836e4b2-6ae8-4e46-b82b-f94166464b31.jpeg,workshops
Multibagger Case study - ITC analysis,multibagger-case-study---itc-analysis,a880d287-f6cb-45b6-abe3-99a1940105ea,4122,https://assets.learnapp.com/catalog/workshops/a880d287-f6cb-45b6-abe3-99a1940105ea/eeb816a4-f151-4240-a9d8-f6738d0b434c.jpeg,workshops
Build a winning portfolio in 90 mins!,build-a-winning-portfolio-in-90-mins!,42297ea4-24a2-44b5-b56e-10a74d68c5a4,6580,https://assets.learnapp.com/catalog/workshops/42297ea4-24a2-44b5-b56e-10a74d68c5a4/6951ac97-ded5-4a79-b68c-0e9c64f5a23a.jpeg,workshops
MultiBagger Case Study - Relaxo Footwear,multibagger-case-study---relaxo-footwear,7e1ab1ca-6101-486d-aac4-212c8abbee52,3820,https://assets.learnapp.com/catalog/workshops/7e1ab1ca-6101-486d-aac4-212c8abbee52/6a882372-b784-4263-a412-1b526a5e245f.jpeg,workshops
Charts & Ratios - Automobile Sector analysis,charts-ratios---automobile-sector-analysis,5ed99ec4-d349-4bf5-b8fd-e2e9c222bd87,5546,https://assets.learnapp.com/catalog/workshops/5ed99ec4-d349-4bf5-b8fd-e2e9c222bd87/f3ec0789-5cdd-4c25-9dae-7766d21c37b4.jpeg,workshops
L&T: Is the uptrend sustainable?,lt-is-the-uptrend-sustainable,5e4e00d3-29b7-44ea-9746-9d0f3cb6853a,4149,https://assets.learnapp.com/catalog/workshops/5e4e00d3-29b7-44ea-9746-9d0f3cb6853a/3804a70f-11d2-4ef6-8afe-07c94025742b.jpeg,workshops
Technicals and fundamental of Bajaj Finance,technicals-and-fundamental-of-bajaj-finance,9f638346-f3fe-4aff-9486-effde0bef267,5123,https://assets.learnapp.com/catalog/workshops/9f638346-f3fe-4aff-9486-effde0bef267/29c1361d-e3fc-416a-99ce-3a6d93468cd1.jpeg,workshops
The Crowning Jewel of TATA's : Titan,the-crowning-jewel-of-tata's-titan,d032bfaa-e122-440e-80f8-359b2d24b781,4035,https://assets.learnapp.com/catalog/workshops/d032bfaa-e122-440e-80f8-359b2d24b781/6d7a5833-3580-4af4-9818-c8082a3db71a.jpeg,workshops
IPO analysis: Go Air,ipo-analysis-go-air,49227ec2-ec13-4bc4-bf40-7b714f7d36ca,3360,https://assets.learnapp.com/catalog/workshops/49227ec2-ec13-4bc4-bf40-7b714f7d36ca/b5bdcd25-1ebc-4117-801a-f9899ade0ba1.jpeg,workshops
Technicals and Fundamentals of Tata power,technicals-and-fundamentals-of-tata-power,8bf2625f-dcb0-4b19-a57a-7281fed03c63,3603,https://assets.learnapp.com/catalog/workshops/8bf2625f-dcb0-4b19-a57a-7281fed03c63/89691b7c-7cb6-4992-a8b9-8cee3a5647ec.jpeg,workshops
Hot Stocks: Opportunities in CDSL,hot-stocks-opportunities-in-cdsl,8f63cdbd-8fb6-48b2-94df-4167c3fca1c3,3013,https://assets.learnapp.com/catalog/workshops/8f63cdbd-8fb6-48b2-94df-4167c3fca1c3/25467dd2-3897-4390-95cd-5b06f6bf9043.jpeg,workshops
Multibagger case study: Pidilite Industries,multibagger-case-study-pidilite-industries,263d490e-0568-4673-adb6-b0fb8bef8a03,3112,https://assets.learnapp.com/catalog/workshops/263d490e-0568-4673-adb6-b0fb8bef8a03/31c00e55-68ec-4c13-a977-183c631c0416.jpeg,workshops
Bajaj Auto: Analysis of the 2 wheeler giant!,bajaj-auto-analysis-of-the-2-wheeler-giant!,9583cb6a-cc8b-4fd2-b294-871bd09cb55a,3354,https://assets.learnapp.com/catalog/workshops/9583cb6a-cc8b-4fd2-b294-871bd09cb55a/185485db-9f15-467f-aad5-4cae97fa8c4d.jpeg,workshops
Analysis of Reliance industries,analysis-of-reliance-industries,62a3fc36-e484-4bc7-8ecf-de0b90940435,3666,https://assets.learnapp.com/catalog/workshops/62a3fc36-e484-4bc7-8ecf-de0b90940435/b0c484ae-abf5-4e3a-a73e-bf2971b80acc.jpeg,workshops
Multibagger case study: Havells India,multibagger-case-study-havells-india,8cc3f05a-f0f5-476e-a98e-97bfa249b03d,3162,https://assets.learnapp.com/catalog/workshops/8cc3f05a-f0f5-476e-a98e-97bfa249b03d/7c678a98-dd72-495a-baa7-dde3d09c1e67.jpeg,workshops
Multibagger Case Study! Varun Beverages,multibagger-case-study!-varun-beverages,9729fbd7-99e1-44ca-9d4a-076b7d199018,2938,https://assets.learnapp.com/catalog/workshops/9729fbd7-99e1-44ca-9d4a-076b7d199018/31117b91-fd55-4d48-9ae2-dc9a2c416f06.jpeg,workshops
Investing in Gold - Growth Drivers for 2022,investing-in-gold---growth-drivers-for-2022,66ce079c-b25f-40a0-80c6-ca06acf1a2a2,3008,https://assets.learnapp.com/catalog/workshops/66ce079c-b25f-40a0-80c6-ca06acf1a2a2/76ff38cf-191a-4606-81e0-97787d29acf9.jpeg,workshops
Building Blocks of Algo Trading,building-blocks-of-algo-trading,a60dee2f-a301-45a2-9ac1-fdf1369ac517,4262,https://assets.learnapp.com/catalog/workshops/a60dee2f-a301-45a2-9ac1-fdf1369ac517/09f8acf2-f5e1-4bbb-8515-90478b791c4b.jpeg,workshops
Learn to trade reversals using Bollinger Bands And Price Action,learn-to-trade-reversals-using-bollinger-bands-and-price-action,b47282e0-0dfb-4a52-8842-14a8fc0afc26,1973,https://assets.learnapp.com/catalog/workshops/b47282e0-0dfb-4a52-8842-14a8fc0afc26/6bedaef8-fe0e-4ea3-bfbd-c9d8970c8670.jpeg,workshops
Test- Weekly Market Analysis,test--weekly-market-analysis,8ecf708c-a972-41d6-854a-e84330cf05fd,2188,https://assets.learnapp.com/catalog/workshops/8ecf708c-a972-41d6-854a-e84330cf05fd/fb2aadc7-3850-4262-8ff5-86d5fa627f51.jpeg,workshops
Banknifty Weekly Options Strategy Review,banknifty-weekly-options-strategy-review,0e62f369-bff7-45c4-a0a7-a8690cdc181e,9487,https://assets.learnapp.com/catalog/workshops/0e62f369-bff7-45c4-a0a7-a8690cdc181e/db69ff34-a0ee-44b9-a75b-3d8a4b0f1d69.jpeg,workshops
Learn to trade the Contra Setup,learn-to-trade-the-contra-setup,3ab2cdd2-0ac1-4739-82d4-7b6dad632e06,2473,https://assets.learnapp.com/catalog/workshops/3ab2cdd2-0ac1-4739-82d4-7b6dad632e06/eb21ad07-86f4-4ec1-b5b4-fec604c631ae.jpeg,workshops
Intraday Banknifty Straddle Strategy Review,intraday-banknifty-straddle-strategy-review,b26523a5-3536-4c3e-983b-8911aca2f1bd,10173,https://assets.learnapp.com/catalog/workshops/b26523a5-3536-4c3e-983b-8911aca2f1bd/d10cb855-4f64-41b3-940b-9ec862a63e84.jpeg,workshops
Option Trading - Spreads for Dr Reddy,option-trading---spreads-for-dr-reddy,2c00e58b-53ac-4e52-b625-6b7d24760dba,2975,https://assets.learnapp.com/catalog/workshops/2c00e58b-53ac-4e52-b625-6b7d24760dba/f449c4df-c886-4735-8927-c6b22897416a.jpeg,workshops
Adani Enterprises - Trend Trading,adani-enterprises---trend-trading,007daec8-6b2c-48b6-bdd5-e96639c840b7,2899,https://assets.learnapp.com/catalog/workshops/007daec8-6b2c-48b6-bdd5-e96639c840b7/2dbd0103-ab7c-447b-acc0-10d10c72981c.jpeg,workshops
HCL Tech - Trend Following,hcl-tech---trend-following,6573f098-bc43-493e-b79c-a7dc5a6f0ff9,3851,https://assets.learnapp.com/catalog/workshops/6573f098-bc43-493e-b79c-a7dc5a6f0ff9/dfc451a4-9df6-4cdd-887d-d3cc2a2c29d9.jpeg,workshops
Learn to trade the inside day setup,learn-to-trade-the-inside-day-setup,c4d3e046-2c59-4174-a278-9a1be7c831dc,3203,https://assets.learnapp.com/catalog/workshops/c4d3e046-2c59-4174-a278-9a1be7c831dc/255e8bed-bf34-4ba3-bdc9-ac19032e54b1.jpeg,workshops
Option Trading - Spreads for HDFC Bank,option-trading---spreads-for-hdfc-bank,ae51b453-dbe2-4dcc-b25d-cd490429dae9,2119,https://assets.learnapp.com/catalog/workshops/ae51b453-dbe2-4dcc-b25d-cd490429dae9/bde19454-f381-4263-b837-3dd6676d8b98.jpeg,workshops
Reliance - Chart Analysis for Trading,reliance---chart-analysis-for-trading,5dee8df1-9d69-4a7a-bcc1-9d5fdb9a7eab,1922,https://assets.learnapp.com/catalog/workshops/5dee8df1-9d69-4a7a-bcc1-9d5fdb9a7eab/08d48088-58b6-4717-b931-9f0db96a7489.jpeg,workshops
Hot Stocks: Swing Trading in Birla Corp,hot-stocks-swing-trading-in-birla-corp,c2fda000-24e6-4441-b3c6-37e1c8166492,3933,https://assets.learnapp.com/catalog/workshops/c2fda000-24e6-4441-b3c6-37e1c8166492/3984c2ce-da20-4bbf-81a5-823e354cb42e.jpeg,workshops
 Swing trading in Devyani International,#NAME?,24292933-b151-4e64-9a13-b655fd6ae681,3204,https://assets.learnapp.com/catalog/workshops/24292933-b151-4e64-9a13-b655fd6ae681/d8bb645f-c47d-4d6c-a4c8-9ee51e77a708.jpeg,workshops
Learn to trade reversals objectively,learn-to-trade-reversals-objectively,d521d0d9-09f4-4dd8-87cf-637faa8e8e7a,3374,https://assets.learnapp.com/catalog/workshops/d521d0d9-09f4-4dd8-87cf-637faa8e8e7a/dea177d9-f24f-4287-a937-829cc2d0d95d.jpeg,workshops
Understanding Backtest Results,understanding-backtest-results,0f43b79b-d785-4029-b95b-60293dc082bb,5088,https://assets.learnapp.com/catalog/workshops/0f43b79b-d785-4029-b95b-60293dc082bb/81bacb32-61f0-4987-b7c0-47bd6fccc2c7.jpeg,workshops
Analyzing Market Using Future Derivative Data,analyzing-market-using-future-derivative-data,8ae4fc74-b753-4af6-8fde-cb5a2795ef77,2832,https://assets.learnapp.com/catalog/workshops/8ae4fc74-b753-4af6-8fde-cb5a2795ef77/a786aa92-098b-4b0f-beaf-b34aaed8627e.jpeg,workshops
Weekly Market Watch,weekly-market-watch,d7c6569d-82a5-4a37-bef2-2d720126e320,3246,https://assets.learnapp.com/catalog/workshops/d7c6569d-82a5-4a37-bef2-2d720126e320/b2f0e881-1c70-4346-b170-a63b68f158a5.jpeg,workshops
Automate the 52 Week high trading system,automate-the-52-week-high-trading-system,0886ce89-0334-45de-b988-8681d3658cc9,3093,https://assets.learnapp.com/catalog/workshops/0886ce89-0334-45de-b988-8681d3658cc9/4bb5517e-582d-4b70-a6a5-7c67c92ac14d.jpeg,workshops
Trading Chart Patterns - Reversal & Continuous,trading-chart-patterns---reversal-continuous,de554780-232c-4615-9b4d-d2b922dc3058,3763,https://assets.learnapp.com/catalog/workshops/de554780-232c-4615-9b4d-d2b922dc3058/23a06d2f-3434-4ecb-9c6d-a13fc8b6ee7a.jpeg,workshops
Algo Trading - Idea to Algo building blocks,algo-trading---idea-to-algo-building-blocks,328ac7ea-1650-45f0-a14b-612de74ecbfa,3162,https://assets.learnapp.com/catalog/workshops/328ac7ea-1650-45f0-a14b-612de74ecbfa/a447e9ba-281b-4baf-9373-f1c634dc49c4.jpeg,workshops
Automate Trading Strategy in 90 Mins,automate-trading-strategy-in-90-mins,eec177fc-aafc-4e86-9cf3-dec3b3c8b676,7397,https://assets.learnapp.com/catalog/workshops/eec177fc-aafc-4e86-9cf3-dec3b3c8b676/0e6628d5-2f52-49f3-b6e4-286f39258673.jpeg,workshops
Trade Trends using the Super trend indicator(Hindi),trade-trends-using-the-super-trend-indicatorhindi,255dd502-def5-48f1-8be6-19bb999f97a8,2759,https://assets.learnapp.com/catalog/workshops/255dd502-def5-48f1-8be6-19bb999f97a8/fb93a44b-ea5f-4b44-9487-9b9958f1a535.jpeg,workshops
Tata Power - Trend Trading,tata-power---trend-trading,52218806-54fb-44c2-a842-52be35fdf0c7,2589,https://assets.learnapp.com/catalog/workshops/52218806-54fb-44c2-a842-52be35fdf0c7/d3cc95ef-4edd-48d6-a363-e9a925268860.jpeg,workshops
Index Analysis: Track 750 stocks in 10 minutes,index-analysis-track-750-stocks-in-10-minutes,077e616a-d5e9-4346-8377-8f9df21e212a,2566,https://assets.learnapp.com/catalog/workshops/077e616a-d5e9-4346-8377-8f9df21e212a/c39be77e-b400-4fc4-8a68-e4467dc2f5e0.jpeg,workshops
Learn to trade using Demand and Supply Zones,learn-to-trade-using-demand-and-supply-zones,67696dfc-d57a-405a-9de3-d113a5e4d1af,2988,https://assets.learnapp.com/catalog/workshops/67696dfc-d57a-405a-9de3-d113a5e4d1af/b8737b48-6b40-4de0-990c-ec2e4c840bf9.jpeg,workshops
HDFC Life - Momentum Trading,hdfc-life---momentum-trading,8c385685-4e8c-42cb-928c-7dd6b48635db,3707,https://assets.learnapp.com/catalog/workshops/8c385685-4e8c-42cb-928c-7dd6b48635db/6f17dd73-e45a-428c-933c-e0527958aacb.jpeg,workshops
Learn to trade the Contrarian Setup,learn-to-trade-the-contrarian-setup,806cc779-4969-4223-a2d6-abf37a484f4c,2711,https://assets.learnapp.com/catalog/workshops/806cc779-4969-4223-a2d6-abf37a484f4c/167d8615-c168-41ba-aed5-2119e4807cef.jpeg,workshops
Options Trading: Spreads for Tata Motors,options-trading-spreads-for-tata-motors,2a37f01a-ab4d-472d-aefe-1ce669902094,2804,https://assets.learnapp.com/catalog/workshops/2a37f01a-ab4d-472d-aefe-1ce669902094/4a1d326f-06b8-4854-8836-8f26ad57700f.jpeg,workshops
Trend Analysis: Oberoi Realty,trend-analysis-oberoi-realty,78990f39-dea2-4448-ba64-14b39a41d4e7,1775,https://assets.learnapp.com/catalog/workshops/78990f39-dea2-4448-ba64-14b39a41d4e7/02e97b1d-6f69-4e50-977a-b4a0ccfac8b0.jpeg,workshops
How to Trade with RSI(Hindi),how-to-trade-with-rsihindi,aa92c9ce-5337-4e6b-92c2-b8a21d8add9c,2254,https://assets.learnapp.com/catalog/workshops/aa92c9ce-5337-4e6b-92c2-b8a21d8add9c/a8935610-e6ed-4ff7-ae0d-2cb255240fec.jpeg,workshops
Learn to trade using Moving Average Breakout Setup,learn-to-trade-using-moving-average-breakout-setup,05e1e5d9-5dc3-4281-9038-ca834f3112e3,0,https://assets.learnapp.com/catalog/workshops/05e1e5d9-5dc3-4281-9038-ca834f3112e3/b2468983-8f17-436a-a0fe-fc4c430b3c97.jpeg,workshops
Technicals Series - Strategy based on Dow theory(Hindi),technicals-series---strategy-based-on-dow-theoryhindi,de83cee5-2ad1-4dc2-9fb1-5b2e5f745ae8,2965,https://assets.learnapp.com/catalog/workshops/de83cee5-2ad1-4dc2-9fb1-5b2e5f745ae8/3d36d704-a71d-44f1-8cb8-cb09dc8d0d2f.jpeg,workshops
Learn to trade PULLBACKS,learn-to-trade-pullbacks,a7b68aff-f89e-42c2-9f06-0788e33d11e8,2926,https://assets.learnapp.com/catalog/workshops/a7b68aff-f89e-42c2-9f06-0788e33d11e8/9db0daee-11c9-4c94-a4f8-b00091f78639.jpeg,workshops
Swing Trading Setup using Moving Averages(Hindi),swing-trading-setup-using-moving-averageshindi,229c511e-b52d-442d-9223-4f64c56a4d02,2555,https://assets.learnapp.com/catalog/workshops/229c511e-b52d-442d-9223-4f64c56a4d02/eaa396e7-9265-450c-b59f-52144f6bcf72.jpeg,workshops
Create your own trading system using MACD indicator,create-your-own-trading-system-using-macd-indicator,448f61ff-4387-4dd2-a369-60bb78ed4277,2848,https://assets.learnapp.com/catalog/workshops/448f61ff-4387-4dd2-a369-60bb78ed4277/dfd765e2-5892-40bb-bdbc-7c92f972746f.jpeg,workshops
Create your trading strategy using Swing highs and Swing lows,create-your-trading-strategy-using-swing-highs-and-swing-lows,8045f9ec-2999-428c-87c7-eaee78474308,2002,https://assets.learnapp.com/catalog/workshops/8045f9ec-2999-428c-87c7-eaee78474308/de410c5a-cca4-45c5-aebf-77e2fcc6ac7b.jpeg,workshops
Algo Trading - Mean Reversion Strategy,algo-trading---mean-reversion-strategy,8368c1d1-a2c0-4a5f-8aec-8e95e17e97df,4146,https://assets.learnapp.com/catalog/workshops/8368c1d1-a2c0-4a5f-8aec-8e95e17e97df/8ee110a8-1325-403f-a600-7b629f6cc99d.jpeg,workshops
Learn Market Analysis with Technicals,learn-market-analysis-with-technicals,f6590481-5236-4990-aad8-b618f6b9e2a0,3091,https://assets.learnapp.com/catalog/workshops/f6590481-5236-4990-aad8-b618f6b9e2a0/625ffe0a-d8d5-4f19-97cd-51473ff07757.jpeg,workshops
Learn to Automate a strategy in 60 mins,learn-to-automate-a-strategy-in-60-mins,37f01eaf-69b1-41ca-a5b2-4cd18e5aa8d2,3593,https://assets.learnapp.com/catalog/workshops/37f01eaf-69b1-41ca-a5b2-4cd18e5aa8d2/70b463c3-c01c-4383-a403-c3bd9c40b5d1.jpeg,workshops
Learn to use ADX indicator in right context and deploy it in your trading,learn-to-use-adx-indicator-in-right-context-and-deploy-it-in-your-trading,8321abb8-f826-491e-933b-1b4b4d394ca8,2323,https://assets.learnapp.com/catalog/workshops/8321abb8-f826-491e-933b-1b4b4d394ca8/19a9ded8-b981-4b29-9f26-6df0f3498a6e.jpeg,workshops
Learn the steps to develop the right trading mindset,learn-the-steps-to-develop-the-right-trading-mindset,a133edd6-b0e5-445a-b4c7-708680e98b87,3234,https://assets.learnapp.com/catalog/workshops/a133edd6-b0e5-445a-b4c7-708680e98b87/03751970-2736-48a3-a39d-2613525d3c25.jpeg,workshops
Trading Nifty & Bank Nifty using IVP Filter,trading-nifty-bank-nifty-using-ivp-filter,f72fcf55-fac7-4df0-a495-ce41d1f3c3b4,3460,https://assets.learnapp.com/catalog/workshops/f72fcf55-fac7-4df0-a495-ce41d1f3c3b4/be1bf893-33a8-40a0-b5af-0806b7680a64.jpeg,workshops
Automate Trading Strategy in 90 Mins,automate-trading-strategy-in-90-mins,f8e5ef32-a77a-4ee2-ac6e-275ba6e5b82f,7398,https://assets.learnapp.com/catalog/workshops/f8e5ef32-a77a-4ee2-ac6e-275ba6e5b82f/d82297a2-6977-4555-acb2-b93c8beb4db0.jpeg,workshops
Build a Trading System in 90 mins,build-a-trading-system-in-90-mins,f9be49ec-cc70-4527-a512-419fd82375e1,6624,https://assets.learnapp.com/catalog/workshops/f9be49ec-cc70-4527-a512-419fd82375e1/5d3e1a01-cafa-4438-9f9c-888c3e5485fe.jpeg,workshops
How to trade Reversal Chart Patterns(Hindi),how-to-trade-reversal-chart-patternshindi,c59b5551-64c7-45a8-922d-caedb52e10df,1865,https://assets.learnapp.com/catalog/workshops/c59b5551-64c7-45a8-922d-caedb52e10df/c8389039-fbc3-4693-95bf-21ce747b4365.jpeg,workshops
Optimization of Target Profit,optimization-of-target-profit,2e4e97ab-c261-4d04-bf55-74a7cab8b856,2399,https://assets.learnapp.com/catalog/workshops/2e4e97ab-c261-4d04-bf55-74a7cab8b856/c14c01a0-67df-4c3a-85ce-1d3ae8a629bf.jpeg,workshops
Identify Nifty Range using Excel,identify-nifty-range-using-excel,e0d0e634-c079-48ac-9377-c3e02a3ddef5,2873,https://assets.learnapp.com/catalog/workshops/e0d0e634-c079-48ac-9377-c3e02a3ddef5/a49cb502-7cfe-4190-82d2-ee55c5443ee9.jpeg,workshops
Buy the dips using a proven strategy!,buy-the-dips-using-a-proven-strategy!,ef093ee4-5f7c-4bf3-ad42-4749ddb321c2,3134,https://assets.learnapp.com/catalog/workshops/ef093ee4-5f7c-4bf3-ad42-4749ddb321c2/d5fb94bd-9b73-4838-8338-0c93e82fa40d.jpeg,workshops
How to Build a De-Fi Portfolio,how-to-build-a-de-fi-portfolio,cb06b374-2d9b-4b33-9bd9-15e6b6b1ff7d,4295,https://assets.learnapp.com/catalog/workshops/cb06b374-2d9b-4b33-9bd9-15e6b6b1ff7d/511aa402-7840-4baa-b206-f74bc294bb61.jpeg,workshops
Why is the realty sector in uptrend?,why-is-the-realty-sector-in-uptrend,24fb0734-ff8a-4269-a365-7683135793ea,2102,https://assets.learnapp.com/catalog/workshops/24fb0734-ff8a-4269-a365-7683135793ea/f77cdbff-d2d5-4080-9832-78f39f19e2b4.jpeg,workshops
LIC IPO analysis,lic-ipo-analysis,a3deeffc-c47e-417d-9ed1-275dd8a04b82,3304,https://assets.learnapp.com/catalog/workshops/a3deeffc-c47e-417d-9ed1-275dd8a04b82/09f4df0f-5a56-4247-97b3-2294bf184aeb.jpeg,workshops
IndusInd bank: Reason behind the panic last week,indusind-bank-reason-behind-the-panic-last-week,911bf061-58fe-4876-840d-be14a37bbc14,1700,https://assets.learnapp.com/catalog/workshops/911bf061-58fe-4876-840d-be14a37bbc14/5f908980-086e-4506-8a96-4f23fea33165.jpeg,workshops
Media sector analysis: start of a new bull run?,media-sector-analysis-start-of-a-new-bull-run,412ac4d6-c606-4c7c-a94d-2180b6f127b6,3772,https://assets.learnapp.com/catalog/workshops/412ac4d6-c606-4c7c-a94d-2180b6f127b6/351842d1-5143-474e-97d1-bc38ddee6637.jpeg,workshops
Turbulence in the Airlines Sector,turbulence-in-the-airlines-sector,57b6ab14-8021-453d-91e3-90e31115bd79,3934,https://assets.learnapp.com/catalog/workshops/57b6ab14-8021-453d-91e3-90e31115bd79/0387a5c7-c338-431f-9c26-8c1c8398adb6.jpeg,workshops
Dixon technology: Multibagger in the making?,dixon-technology-multibagger-in-the-making,50971768-0b27-418b-9999-6c29a43f11ed,3743,https://assets.learnapp.com/catalog/workshops/50971768-0b27-418b-9999-6c29a43f11ed/041fa2c4-2a62-4c08-9321-0e18f715de25.jpeg,workshops
Invest in the India growth story,invest-in-the-india-growth-story,922087b2-d099-4b0d-b24f-eed231356aa2,1517,https://assets.learnapp.com/catalog/workshops/922087b2-d099-4b0d-b24f-eed231356aa2/6ebddcd5-f503-45db-bda9-76637fdd4b65.jpeg,workshops
Explore Quality MidCap universe,explore-quality-midcap-universe,9826855d-3d3a-4ab2-a9d0-6f6c83358d3b,1269,https://assets.learnapp.com/catalog/workshops/9826855d-3d3a-4ab2-a9d0-6f6c83358d3b/f19c0759-3416-4af2-926b-c6a05eafd114.jpeg,workshops
Select the best ESG stocks(Hindi),select-the-best-esg-stockshindi,25cb4a08-b63a-4778-8131-f73761b73793,5294,https://assets.learnapp.com/catalog/workshops/25cb4a08-b63a-4778-8131-f73761b73793/1dcbd5b3-0585-43f1-97e8-8d0b93dc19ac.jpeg,workshops
Small Finance banks: Coffee can investing,small-finance-banks-coffee-can-investing,d95bcb5b-80ef-4a3e-b1e3-aca51d0a75d3,3280,https://assets.learnapp.com/catalog/workshops/d95bcb5b-80ef-4a3e-b1e3-aca51d0a75d3/e70ae8c5-4bdd-4542-a48a-5a77a0193bf1.jpeg,workshops
Why is Multiplex Industry Trending? ,why-is-multiplex-industry-trending-,6976b71f-b1c6-4c61-9e83-1c35424a3abf,2426,https://assets.learnapp.com/catalog/workshops/6976b71f-b1c6-4c61-9e83-1c35424a3abf/6eb9c669-bb51-40aa-98c4-ba168a6933f2.jpeg,workshops
Fundamental analysis of the Chemical Sector,fundamental-analysis-of-the-chemical-sector,3700a7b6-bd64-4647-b2df-33e3cbe67e5a,3705,https://assets.learnapp.com/catalog/workshops/3700a7b6-bd64-4647-b2df-33e3cbe67e5a/1c72a40d-3fb7-4ca8-aade-696d057b653f.jpeg,workshops
Pharma Sector - Dupont Analysis,pharma-sector---dupont-analysis,2efedca9-a985-4bca-91ce-4b2aee1b3aea,3883,https://assets.learnapp.com/catalog/workshops/2efedca9-a985-4bca-91ce-4b2aee1b3aea/db919db7-81a7-4b4f-89f5-0d2ef35d60ea.jpeg,workshops
Logistics Sector Analysis,logistics-sector-analysis,59935fe3-9176-4b56-91e3-d5090c75218c,2913,https://assets.learnapp.com/catalog/workshops/59935fe3-9176-4b56-91e3-d5090c75218c/3daa43c8-53d7-4bdb-b095-2e99e06c9360.jpeg,workshops
Fundamental analysis of the Electrical equipment's sector,fundamental-analysis-of-the-electrical-equipments-sector,967ed30d-3204-4a6f-98ff-9cfe7a18582b,2463,https://assets.learnapp.com/catalog/workshops/967ed30d-3204-4a6f-98ff-9cfe7a18582b/af54a236-fa2b-49e4-90d8-c17314b03c59.jpeg,workshops
Fundamental analysis of the Holding companies ,fundamental-analysis-of-the-holding-companies-,c0205876-f738-4191-8e7f-22604c707893,3452,https://assets.learnapp.com/catalog/workshops/c0205876-f738-4191-8e7f-22604c707893/9a97c61a-a7df-4a48-970c-5a7b9268f5d6.jpeg,workshops
Fundamental analysis of the Textile Sector,fundamental-analysis-of-the-textile-sector,e3987715-77ec-4559-bd6a-5a8e75b552a7,3129,https://assets.learnapp.com/catalog/workshops/e3987715-77ec-4559-bd6a-5a8e75b552a7/bde3a79e-2b6f-4e16-91eb-058cdfad44f5.jpeg,workshops
Weekly Sectoral pick - Ceramics sector,weekly-sectoral-pick---ceramics-sector,dbebbd17-ce79-453e-8e85-6f026daa0905,3742,https://assets.learnapp.com/catalog/workshops/dbebbd17-ce79-453e-8e85-6f026daa0905/8f3fbf6e-1693-41d6-bc43-46bf0720ed9e.jpeg,workshops
Weekly sectoral pick - Rice processing,weekly-sectoral-pick---rice-processing,5b01d144-ea7b-47b5-96e4-dca699a083d2,4217,https://assets.learnapp.com/catalog/workshops/5b01d144-ea7b-47b5-96e4-dca699a083d2/726e186c-169e-4947-af82-5d783f1a666b.jpeg,workshops
Is the cement sector rally sustainable?,is-the-cement-sector-rally-sustainable,a6226d6d-10a9-4563-8f39-16d48a23c6b4,2125,https://assets.learnapp.com/catalog/workshops/a6226d6d-10a9-4563-8f39-16d48a23c6b4/cd901287-fd05-46fe-aebd-6138434b18eb.jpeg,workshops
Fundamental analysis of the Natural Gas Companies,fundamental-analysis-of-the-natural-gas-companies,36110b25-de32-4a1a-9ea7-2f6a2934306f,4279,https://assets.learnapp.com/catalog/workshops/36110b25-de32-4a1a-9ea7-2f6a2934306f/3dc2e8cb-9cd9-4d83-a046-5669cdab42e3.jpeg,workshops
Insurance Sector analysis,insurance-sector-analysis,354a0be5-948b-4c4d-9b06-190f56866755,3698,https://assets.learnapp.com/catalog/workshops/354a0be5-948b-4c4d-9b06-190f56866755/26dcb5ef-236e-4b7c-9cc2-d0e8c8f7e3db.jpeg,workshops
Fundamental analysis of the Banking Sector,fundamental-analysis-of-the-banking-sector,05c1d59d-f6c3-409f-80fd-66fa25c2bf10,3467,https://assets.learnapp.com/catalog/workshops/05c1d59d-f6c3-409f-80fd-66fa25c2bf10/e9d55d5d-4608-432f-8370-5836e7a53ad2.jpeg,workshops
Analysis of the Auto ancillary sector ,analysis-of-the-auto-ancillary-sector-,8bf0d9cb-f038-449d-b41d-5db221a89d2c,4028,https://assets.learnapp.com/catalog/workshops/8bf0d9cb-f038-449d-b41d-5db221a89d2c/3f9eee92-195b-4988-b15b-9d8cd965703a.jpeg,workshops
Weekly Sectoral Pick - Oil Refineries & Marketing companies,weekly-sectoral-pick---oil-refineries-marketing-companies,7bd11ff2-4e59-4ba3-bf6d-ae9b6d7b7363,4258,https://assets.learnapp.com/catalog/workshops/7bd11ff2-4e59-4ba3-bf6d-ae9b6d7b7363/ec7273a8-723f-42e5-a40c-5ba543bf5e95.jpeg,workshops
Fundamental analysis of the Packaging sector,fundamental-analysis-of-the-packaging-sector,5081d3ec-53b0-4d78-a939-bef0b9fa0bf9,4118,https://assets.learnapp.com/catalog/workshops/5081d3ec-53b0-4d78-a939-bef0b9fa0bf9/44ad4f72-be68-4f6a-80da-7cf9569a414d.jpeg,workshops
Fundamental analysis of the Paints & Varnishes sector,fundamental-analysis-of-the-paints-varnishes-sector,43ca56c3-8cf1-4f5c-a160-6f124b7bf182,2706,https://assets.learnapp.com/catalog/workshops/43ca56c3-8cf1-4f5c-a160-6f124b7bf182/14b7ae26-184c-43a3-b232-a3d298e47fa6.jpeg,workshops
Weekly Sectoral Pick - Fertilizer Sector analysis,weekly-sectoral-pick---fertilizer-sector-analysis,e93d88cc-eab7-43a8-8daa-76125dec8e2e,4589,https://assets.learnapp.com/catalog/workshops/e93d88cc-eab7-43a8-8daa-76125dec8e2e/b18ff5e4-9a85-4737-8987-b0cd23b3e390.jpeg,workshops
Union Budget 2022 - Analysis,union-budget-2022---analysis,1ff548e2-0bd1-474b-9bc5-bbd2628606c7,3808,https://assets.learnapp.com/catalog/workshops/1ff548e2-0bd1-474b-9bc5-bbd2628606c7/42f16ec9-e006-4912-9e92-ee5bb5b4cd26.jpeg,workshops
Alcoholic Beverages - Piotroski score,alcoholic-beverages---piotroski-score,6e731bc7-e807-43d0-8c35-da2acbdc960f,4334,https://assets.learnapp.com/catalog/workshops/6e731bc7-e807-43d0-8c35-da2acbdc960f/84abba95-3b77-4c97-b148-f939aa628900.jpeg,workshops
Banking Sector Analysis,banking-sector-analysis,1daed055-b372-491b-9432-f50ee4825948,3632,https://assets.learnapp.com/catalog/workshops/1daed055-b372-491b-9432-f50ee4825948/c5c8abca-ce73-4bf4-b484-16023585edc1.jpeg,workshops
Chemical Sector Analysis,chemical-sector-analysis,168a1d20-f101-41dd-8054-852481995553,3810,https://assets.learnapp.com/catalog/workshops/168a1d20-f101-41dd-8054-852481995553/e5874a4f-c4d7-4ec0-bc26-24f9232c45a8.jpeg,workshops
Financials & Valuations on New age Tech companies,financials-valuations-on-new-age-tech-companies,81aabd11-362e-47a9-b16a-3b4c97ebb1a9,3776,https://assets.learnapp.com/catalog/workshops/81aabd11-362e-47a9-b16a-3b4c97ebb1a9/fcb54918-a9b5-4ebf-9967-6c372e4df350.jpeg,workshops
Analysis of the Insurance sector,analysis-of-the-insurance-sector,6b7f4303-c854-43da-9bbe-1ace9c64f3e2,2514,https://assets.learnapp.com/catalog/workshops/6b7f4303-c854-43da-9bbe-1ace9c64f3e2/04b2489d-ba08-4f59-9845-f02285e3ce65.jpeg,workshops
Textile sector analysis: Why the uptrend?,textile-sector-analysis-why-the-uptrend,f4c1207a-6e1d-49f6-87db-67e71ef2b14d,3566,https://assets.learnapp.com/catalog/workshops/f4c1207a-6e1d-49f6-87db-67e71ef2b14d/5fc85cd1-c32d-44f1-b17c-b94adc974a52.jpeg,workshops
Edible Oil - Piotroski F-Score,edible-oil---piotroski-f-score,49f3a94c-b4b5-4156-85a3-2629ab391448,3178,https://assets.learnapp.com/catalog/workshops/49f3a94c-b4b5-4156-85a3-2629ab391448/28bcec2b-b07d-4718-a93d-33423758b5a3.jpeg,workshops
IT Sector - Dupont analysis,it-sector---dupont-analysis,f0db26a9-190f-4943-a2d2-8c222107bd48,3288,https://assets.learnapp.com/catalog/workshops/f0db26a9-190f-4943-a2d2-8c222107bd48/40aa4272-a236-4365-9b56-a15f6219ed42.jpeg,workshops
Analysis of Indiaâ€™s Defense sector,analysis-of-indias-defense-sector,bafa01b6-047b-408b-9b15-d44f6719aa9f,3879,https://assets.learnapp.com/catalog/workshops/bafa01b6-047b-408b-9b15-d44f6719aa9f/644cb883-c8d9-40e5-a64b-1a66f8d0f5d7.jpeg,workshops
Fundamental analysis of the Edible Oil Sector,fundamental-analysis-of-the-edible-oil-sector,cb8487c6-e12c-4268-ad63-ce741514a55e,4042,https://assets.learnapp.com/catalog/workshops/cb8487c6-e12c-4268-ad63-ce741514a55e/6b2a9580-bc12-4d05-b5e8-4c9d0ce62196.jpeg,workshops
Sugar Sector Analysis,sugar-sector-analysis,7b6f06d5-1028-4afd-b916-f71b445a72d0,2993,https://assets.learnapp.com/catalog/workshops/7b6f06d5-1028-4afd-b916-f71b445a72d0/9701d4fc-96a5-4afa-a89d-b540e6a2a24c.jpeg,workshops
Charts & Ratios - Paper sector analysis,charts-ratios---paper-sector-analysis,a6dab5a6-ac65-45b5-b638-7cd285a46e90,6729,https://assets.learnapp.com/catalog/workshops/a6dab5a6-ac65-45b5-b638-7cd285a46e90/29026704-8202-4e71-914d-b625e1e020a2.jpeg,workshops
Crypto Pairs Arbitrage Opportunity,crypto-pairs-arbitrage-opportunity,75cc3861-8280-4487-b74f-200bb67dba5d,1330,https://assets.learnapp.com/catalog/workshops/75cc3861-8280-4487-b74f-200bb67dba5d/4ecb0850-5d8d-40e9-9318-e47a6ea5afde.jpeg,workshops
Polkadot Case Study,polkadot-case-study,def40391-b83f-4da5-a69b-c6143b201859,3819,https://assets.learnapp.com/catalog/workshops/def40391-b83f-4da5-a69b-c6143b201859/2520f234-6921-477c-baa9-0dd577d04d16.jpeg,workshops
How to create a Metaverse portfolio,how-to-create-a-metaverse-portfolio,55cc36d8-c940-4028-81b9-353da8a3b907,4584,https://assets.learnapp.com/catalog/workshops/55cc36d8-c940-4028-81b9-353da8a3b907/bd5166f1-4c24-46b6-b288-66c856298b9e.jpeg,workshops
Learn to evaluate ICOs,learn-to-evaluate-icos,c2f26585-53cb-4287-b87a-bfac38d42dc9,3716,https://assets.learnapp.com/catalog/workshops/c2f26585-53cb-4287-b87a-bfac38d42dc9/3e5b350f-efcf-47f6-8b82-a3cb0b1fb6a8.jpeg,workshops
Intro to Crypto Derivatives,intro-to-crypto-derivatives,27b5f03d-32d7-4ed0-8fb7-44f7515cdad1,2499,https://assets.learnapp.com/catalog/workshops/27b5f03d-32d7-4ed0-8fb7-44f7515cdad1/0d3b779d-cf46-4fd1-affb-9ce59d9262bc.jpeg,workshops
Investing Behavior & Strategies,investing-behavior-strategies,6d8c47a2-29c7-4822-948f-d3d3b90faa99,3742,https://assets.learnapp.com/catalog/workshops/6d8c47a2-29c7-4822-948f-d3d3b90faa99/feca2392-2630-4982-8824-5a985126714f.jpeg,workshops
Exploring Consensus Algorithms,exploring-consensus-algorithms,0c77952a-0d2f-4bb1-a8ec-9a22c15d64fa,4526,https://assets.learnapp.com/catalog/workshops/0c77952a-0d2f-4bb1-a8ec-9a22c15d64fa/c59117e2-97ea-47ce-9df4-c1da8c9216de.jpeg,workshops
Create a diversified portfolio using Equity Mutual Funds,create-a-diversified-portfolio-using-equity-mutual-funds,1ab93cab-ebc8-4155-a5e4-031bf2ec1732,3885,https://assets.learnapp.com/catalog/workshops/1ab93cab-ebc8-4155-a5e4-031bf2ec1732/bf931b26-4142-4155-b732-ad7f3fa9d567.jpeg,workshops
How to select Debt Mutual Funds,how-to-select-debt-mutual-funds,97634028-d990-4b1c-a350-884978176b52,4052,https://assets.learnapp.com/catalog/workshops/97634028-d990-4b1c-a350-884978176b52/cd3a0069-ee75-40fe-9daa-b05b89d075ca.jpeg,workshops
Passive Investing: How to pick index funds ,passive-investing-how-to-pick-index-funds-,56bd8c47-be84-4b73-821b-3be7b902146a,3076,https://assets.learnapp.com/catalog/workshops/56bd8c47-be84-4b73-821b-3be7b902146a/894da40d-ac48-4df2-a152-0e80b731f9ed.jpeg,workshops
Pros & Cons of International Investing,pros-cons-of-international-investing,5555ed12-2841-4cee-b995-17cc931b3618,2532,https://assets.learnapp.com/catalog/workshops/5555ed12-2841-4cee-b995-17cc931b3618/4de48aed-1c8c-43d1-9a66-25fa8601a96e.jpeg,workshops
Select Equity Mutual Funds Using a Framework,select-equity-mutual-funds-using-a-framework,3d9de993-1b8b-4e76-a364-2a8dd485ad8c,3655,https://assets.learnapp.com/catalog/workshops/3d9de993-1b8b-4e76-a364-2a8dd485ad8c/a90d11ff-2b78-48a7-865d-fd3045b1873a.jpeg,workshops
Mutual Funds - NFO analysis,mutual-funds---nfo-analysis,de258620-2bf8-4fed-9d9b-8d5dd8691f35,2698,https://assets.learnapp.com/catalog/workshops/de258620-2bf8-4fed-9d9b-8d5dd8691f35/fa4c873f-9722-4a7b-8027-11d94b8ea5a9.jpeg,workshops
Building Passive Mutual Fund Portfolio,building-passive-mutual-fund-portfolio,5fb8b2f0-1362-481b-beb5-5eed2c2fa9f7,1819,https://assets.learnapp.com/catalog/workshops/5fb8b2f0-1362-481b-beb5-5eed2c2fa9f7/bd2838bc-1636-440c-968b-c6b4ca6b16a5.jpeg,workshops
Create a Retirement Plan using Mutual funds,create-a-retirement-plan-using-mutual-funds,0edb0e03-8b6d-431a-acfe-fdb23ac0bd46,3229,https://assets.learnapp.com/catalog/workshops/0edb0e03-8b6d-431a-acfe-fdb23ac0bd46/b23de201-8d30-4d3c-a954-94fc6a522707.jpeg,workshops
How to pick ELSS Mutual Funds,how-to-pick-elss-mutual-funds,814d2e6d-c1d5-40cc-8394-4527e41747ea,3949,https://assets.learnapp.com/catalog/workshops/814d2e6d-c1d5-40cc-8394-4527e41747ea/23dc7870-0d60-4f39-bffd-9bbce43629e2.jpeg,workshops
Debt Mutual Funds: Framework for Selection,debt-mutual-funds-framework-for-selection,fec337f7-f974-4299-b337-9c54a0d1936d,4132,https://assets.learnapp.com/catalog/workshops/fec337f7-f974-4299-b337-9c54a0d1936d/8e60976c-c370-43ed-9de6-476f708e84c1.jpeg,workshops
Selection & Analysis of Debt Mutual Funds,selection-analysis-of-debt-mutual-funds,e8574704-8dbb-4cfc-9a0d-9eb1a353f1f4,0,https://assets.learnapp.com/catalog/workshops/e8574704-8dbb-4cfc-9a0d-9eb1a353f1f4/60aa2cce-d618-4027-9814-f5d4cb1cca03.jpeg,workshops
The art of picking Small-cap stocks,the-art-of-picking-small-cap-stocks,af445578-0132-4aa3-ae24-13d30daf937d,6768,https://assets.learnapp.com/catalog/workshops/af445578-0132-4aa3-ae24-13d30daf937d/9f417630-029f-4a59-bc66-6a68bb6db762.jpeg,workshops
How to analyze any company using Financial Ratios,how-to-analyze-any-company-using-financial-ratios,6429b951-8958-4814-990a-285179bd9e9b,7773,https://assets.learnapp.com/catalog/workshops/6429b951-8958-4814-990a-285179bd9e9b/c4f4cea7-e48b-4164-bd81-600c3906460a.jpeg,workshops
Amibroker strategy development and Algo execution,amibroker-strategy-development-and-algo-execution,1b573d70-4440-11eb-8a27-09c94c42cca4,43310,https://assets.learnapp.com/catalog/advance-courses/1b573d70-4440-11eb-8a27-09c94c42cca4/47ca5378-b2fa-4a56-9e2e-b15722337047.jpeg,advanced-courses
Options Program with Backtested Strategies,options-program-with-backtested-strategies,b6fe699a-3be0-4230-a70d-bdee39856f84,82068,https://assets.learnapp.com/catalog/advance-courses/b6fe699a-3be0-4230-a70d-bdee39856f84/8c56f7f7-b418-4001-9776-29c05ca4c33e.jpeg,advanced-courses
Quant Strategy Developer Programme,quant-strategy-developer-programme,e3de3a50-23ca-11eb-8d14-5f6286d1775d,179010,https://assets.learnapp.com/catalog/advance-courses/e3de3a50-23ca-11eb-8d14-5f6286d1775d/0e389817-e979-41e2-934b-93d58ffaa875.jpeg,advanced-courses
CMT (Chartered Market Technician) Prep Level 1,cmt-chartered-market-technician-prep-level-1,7c6a5451-b003-45ed-87e2-e7dbc1ec20e6,0,https://la-course-recommendation-engine.s3.ap-south-1.amazonaws.com/Basics+of+Trading.jpeg,advanced-courses
Python Algo Execution Programme,python-algo-execution-programme,cf7044a0-5d45-11eb-b47c-3f180acc8711,212957,https://assets.learnapp.com/catalog/advance-courses/cf7044a0-5d45-11eb-b47c-3f180acc8711/f6358ae4-0e1d-4e3f-8cd3-06968d345e49.jpeg,advanced-courses
